source_url,payload,collectedAt
https://www.arbeitnow.com/jobs/companies/riverstate-premium-recruiting/stellvertretender-werkstattleiter-52000-60000-eur-furth-184191,"{""schemaVersion"": ""1.0"", ""recordType"": ""JOB"", ""content"": {""title"": ""Stellvertretender Werkstattleiter (m/w/d) | 52.000 - 60.000 \u20ac"", ""company"": ""Riverstate Premium Recruiting"", ""date"": ""2026-06-24 15:41:27.811730"", ""is_remote"": true, ""role_family"": ""Engineering""}, ""confidence"": 1.0, ""extraction_method"": ""RULE"", ""source"": {""name"": ""Arbeitnow"", ""url"": ""https://www.arbeitnow.com/jobs/companies/riverstate-premium-recruiting/stellvertretender-werkstattleiter-52000-60000-eur-furth-184191""}}",2026-06-24T15:41:27.845424
https://www.arbeitnow.com/jobs/companies/jobatlas/it-systemadministrator-first-level-support-werne-293676,"{""schemaVersion"": ""1.0"", ""recordType"": ""JOB"", ""content"": {""title"": ""IT-Systemadministrator / First-Level-Support (m/w/d)"", ""company"": ""JobAtlas"", ""date"": ""2026-06-24 15:41:27.857220"", ""is_remote"": true, ""role_family"": ""Engineering""}, ""confidence"": 1.0, ""extraction_method"": ""RULE"", ""source"": {""name"": ""Arbeitnow"", ""url"": ""https://www.arbeitnow.com/jobs/companies/jobatlas/it-systemadministrator-first-level-support-werne-293676""}}",2026-06-24T15:41:27.898020
https://www.arbeitnow.com/jobs/companies/broeder-ruckh-consulting-gmbh/softwareentwickler-gn-c-und-cloud-stuttgart-388400,"{""schemaVersion"": ""1.0"", ""recordType"": ""JOB"", ""content"": {""title"": ""Softwareentwickler (gn) C# und Cloud"", ""company"": ""Broeder Ruckh Consulting GmbH"", ""date"": ""2026-06-24 15:41:27.906648"", ""is_remote"": true, ""role_family"": ""Engineering""}, ""confidence"": 1.0, ""extraction_method"": ""RULE"", ""source"": {""name"": ""Arbeitnow"", ""url"": ""https://www.arbeitnow.com/jobs/companies/broeder-ruckh-consulting-gmbh/softwareentwickler-gn-c-und-cloud-stuttgart-388400""}}",2026-06-24T15:41:27.947047
https://www.arbeitnow.com/jobs/companies/karrieremacher-gmbh/it-systemadministrator-in-teilzeit-munich-168348,"{""schemaVersion"": ""1.0"", ""recordType"": ""JOB"", ""content"": {""title"": ""IT-Systemadministrator in Teilzeit (m/w/d)"", ""company"": ""KARRIEREMACHER GmbH"", ""date"": ""2026-06-24 15:41:27.956047"", ""is_remote"": true, ""role_family"": ""Engineering""}, ""confidence"": 1.0, ""extraction_method"": ""RULE"", ""source"": {""name"": ""Arbeitnow"", ""url"": ""https://www.arbeitnow.com/jobs/companies/karrieremacher-gmbh/it-systemadministrator-in-teilzeit-munich-168348""}}",2026-06-24T15:41:27.989765
https://www.arbeitnow.com/jobs/companies/momox/junior-recruiter-leipzig-157334,"{""schemaVersion"": ""1.0"", ""recordType"": ""JOB"", ""content"": {""title"": ""Junior Recruiter (m/w/d)"", ""company"": ""momox"", ""date"": ""2026-06-24 15:41:27.998526"", ""is_remote"": true, ""role_family"": ""Engineering""}, ""confidence"": 1.0, ""extraction_method"": ""RULE"", ""source"": {""name"": ""Arbeitnow"", ""url"": ""https://www.arbeitnow.com/jobs/companies/momox/junior-recruiter-leipzig-157334""}}",2026-06-24T15:41:28.029742
https://www.arbeitnow.com/jobs/companies/getpress/junior-pr-manager-remote-oder-berlin-315359,"{""schemaVersion"": ""1.0"", ""recordType"": ""JOB"", ""content"": {""title"": ""Junior PR Manager (m/w/d) \u2013 Remote oder Berlin"", ""company"": ""getpress"", ""date"": ""2026-06-24 15:41:28.038265"", ""is_remote"": true, ""role_family"": ""Engineering""}, ""confidence"": 1.0, ""extraction_method"": ""RULE"", ""source"": {""name"": ""Arbeitnow"", ""url"": ""https://www.arbeitnow.com/jobs/companies/getpress/junior-pr-manager-remote-oder-berlin-315359""}}",2026-06-24T15:41:28.074455
https://www.arbeitnow.com/jobs/companies/getpress/pr-manager-remote-oder-berlin-258569,"{""schemaVersion"": ""1.0"", ""recordType"": ""JOB"", ""content"": {""title"": ""PR Manager (m/w/d) \u2013 Remote oder Berlin"", ""company"": ""getpress"", ""date"": ""2026-06-24 15:41:28.082736"", ""is_remote"": true, ""role_family"": ""Engineering""}, ""confidence"": 1.0, ""extraction_method"": ""RULE"", ""source"": {""name"": ""Arbeitnow"", ""url"": ""https://www.arbeitnow.com/jobs/companies/getpress/pr-manager-remote-oder-berlin-258569""}}",2026-06-24T15:41:28.145253
https://www.arbeitnow.com/jobs/companies/management-mobil-personalberatung/hybrides-arbeiten-systemplaner-fachplaner-technische-gebaudeausrustung-julich-299551,"{""schemaVersion"": ""1.0"", ""recordType"": ""JOB"", ""content"": {""title"": ""Hybrides Arbeiten: Systemplaner / Fachplaner (w/m/d) Technische Geb\u00e4udeausr\u00fcstung"", ""company"": ""MANAGEMENT mobil Personalberatung"", ""date"": ""2026-06-24 15:41:28.153410"", ""is_remote"": true, ""role_family"": ""Engineering""}, ""confidence"": 1.0, ""extraction_method"": ""RULE"", ""source"": {""name"": ""Arbeitnow"", ""url"": ""https://www.arbeitnow.com/jobs/companies/management-mobil-personalberatung/hybrides-arbeiten-systemplaner-fachplaner-technische-gebaudeausrustung-julich-299551""}}",2026-06-24T15:41:28.187391
https://www.arbeitnow.com/jobs/companies/quantum-systems-gmbh/senior-platform-engineer-cloud-ml-platform-gilching-100040,"{""schemaVersion"": ""1.0"", ""recordType"": ""JOB"", ""content"": {""title"": ""Senior Platform Engineer \u2013 Cloud & ML Platform (m/f/d)"", ""company"": ""Quantum- Systems GmbH"", ""date"": ""2026-06-24 15:41:28.195859"", ""is_remote"": true, ""role_family"": ""Engineering""}, ""confidence"": 1.0, ""extraction_method"": ""RULE"", ""source"": {""name"": ""Arbeitnow"", ""url"": ""https://www.arbeitnow.com/jobs/companies/quantum-systems-gmbh/senior-platform-engineer-cloud-ml-platform-gilching-100040""}}",2026-06-24T15:41:28.231167
https://www.arbeitnow.com/jobs/companies/clayton-umwelt-consult-gmbh/projektleiter-gutachter-im-fachbereich-altlasten-umweltschaden-ludwigshafen-449817,"{""schemaVersion"": ""1.0"", ""recordType"": ""JOB"", ""content"": {""title"": ""Projektleiter / Gutachter (m/w/d) im Fachbereich Altlasten / Umweltsch\u00e4den"", ""company"": ""clayton Umwelt-Consult GmbH"", ""date"": ""2026-06-24 15:41:28.238828"", ""is_remote"": true, ""role_family"": ""Engineering""}, ""confidence"": 1.0, ""extraction_method"": ""RULE"", ""source"": {""name"": ""Arbeitnow"", ""url"": ""https://www.arbeitnow.com/jobs/companies/clayton-umwelt-consult-gmbh/projektleiter-gutachter-im-fachbereich-altlasten-umweltschaden-ludwigshafen-449817""}}",2026-06-24T15:41:28.274854
https://www.arbeitnow.com/jobs/companies/placed-technologies-gmbh/werkstudentin-praktikantin-product-testing-ai-automation-berlin-40623,"{""schemaVersion"": ""1.0"", ""recordType"": ""JOB"", ""content"": {""title"": ""Werkstudent:in / Praktikant:in (m/w/d) Product Testing & AI Automation"", ""company"": ""Placed Technologies GmbH"", ""date"": ""2026-06-24 15:41:28.283660"", ""is_remote"": true, ""role_family"": ""Product Management""}, ""confidence"": 1.0, ""extraction_method"": ""RULE"", ""source"": {""name"": ""Arbeitnow"", ""url"": ""https://www.arbeitnow.com/jobs/companies/placed-technologies-gmbh/werkstudentin-praktikantin-product-testing-ai-automation-berlin-40623""}}",2026-06-24T15:41:28.316918
https://www.arbeitnow.com/jobs/companies/stellantis-you-deutschland-gmbh/junior-controller-in-der-kaufmannischen-abteilung-hamburg-301405,"{""schemaVersion"": ""1.0"", ""recordType"": ""JOB"", ""content"": {""title"": ""Junior-Controller in der kaufm\u00e4nnischen Abteilung (m/w/d)"", ""company"": ""Stellantis &You Deutschland GmbH"", ""date"": ""2026-06-24 15:41:28.326444"", ""is_remote"": true, ""role_family"": ""Engineering""}, ""confidence"": 1.0, ""extraction_method"": ""RULE"", ""source"": {""name"": ""Arbeitnow"", ""url"": ""https://www.arbeitnow.com/jobs/companies/stellantis-you-deutschland-gmbh/junior-controller-in-der-kaufmannischen-abteilung-hamburg-301405""}}",2026-06-24T15:41:28.361853
https://www.arbeitnow.com/jobs/companies/holdeineplakette/kfz-prufassistent-fahrer-fur-hol-und-bringservice-kfz-prufstelle-kitzingen-476763,"{""schemaVersion"": ""1.0"", ""recordType"": ""JOB"", ""content"": {""title"": ""KfZ-Pr\u00fcfassistent & Fahrer f\u00fcr Hol- und Bringservice | KfZ-Pr\u00fcfstelle (m/w/d)"", ""company"": ""HolDeinePlakette"", ""date"": ""2026-06-24 15:41:28.370802"", ""is_remote"": true, ""role_family"": ""Engineering""}, ""confidence"": 1.0, ""extraction_method"": ""RULE"", ""source"": {""name"": ""Arbeitnow"", ""url"": ""https://www.arbeitnow.com/jobs/companies/holdeineplakette/kfz-prufassistent-fahrer-fur-hol-und-bringservice-kfz-prufstelle-kitzingen-476763""}}",2026-06-24T15:41:28.405037
https://www.arbeitnow.com/jobs/companies/emil-group-gmbh/werkstudent-im-recruiting-x-berlin-285033,"{""schemaVersion"": ""1.0"", ""recordType"": ""JOB"", ""content"": {""title"": ""Werkstudent im Recruiting (w/m/d/x)"", ""company"": ""EMIL Group GmbH"", ""date"": ""2026-06-24 15:41:28.413409"", ""is_remote"": true, ""role_family"": ""Engineering""}, ""confidence"": 1.0, ""extraction_method"": ""RULE"", ""source"": {""name"": ""Arbeitnow"", ""url"": ""https://www.arbeitnow.com/jobs/companies/emil-group-gmbh/werkstudent-im-recruiting-x-berlin-285033""}}",2026-06-24T15:41:28.447705
https://www.arbeitnow.com/jobs/companies/holdeineplakette/kfz-prufassistent-fahrer-fur-hol-und-bringservice-kfz-prufstelle-duisburg-343450,"{""schemaVersion"": ""1.0"", ""recordType"": ""JOB"", ""content"": {""title"": ""KfZ-Pr\u00fcfassistent & Fahrer f\u00fcr Hol- und Bringservice | KfZ-Pr\u00fcfstelle (m/w/d)"", ""company"": ""HolDeinePlakette"", ""date"": ""2026-06-24 15:41:28.457361"", ""is_remote"": true, ""role_family"": ""Engineering""}, ""confidence"": 1.0, ""extraction_method"": ""RULE"", ""source"": {""name"": ""Arbeitnow"", ""url"": ""https://www.arbeitnow.com/jobs/companies/holdeineplakette/kfz-prufassistent-fahrer-fur-hol-und-bringservice-kfz-prufstelle-duisburg-343450""}}",2026-06-24T15:41:28.490589
https://www.arbeitnow.com/jobs/companies/immobilienberatung-bremen-gmbh/immobiliengutachter-senior-junior-trainee-in-vollzeit-immobilienberatung-bremen-gmbh-107601,"{""schemaVersion"": ""1.0"", ""recordType"": ""JOB"", ""content"": {""title"": ""Immobiliengutachter Senior/ Junior/ Trainee (m/w/d) in Vollzeit - Immobilienberatung Bremen GmbH"", ""company"": ""Immobilienberatung Bremen GmbH"", ""date"": ""2026-06-24 15:41:28.502658"", ""is_remote"": true, ""role_family"": ""Engineering""}, ""confidence"": 1.0, ""extraction_method"": ""RULE"", ""source"": {""name"": ""Arbeitnow"", ""url"": ""https://www.arbeitnow.com/jobs/companies/immobilienberatung-bremen-gmbh/immobiliengutachter-senior-junior-trainee-in-vollzeit-immobilienberatung-bremen-gmbh-107601""}}",2026-06-24T15:41:28.538591
https://www.arbeitnow.com/jobs/companies/cell-labs/people-operations-manager-berlin-80986,"{""schemaVersion"": ""1.0"", ""recordType"": ""JOB"", ""content"": {""title"": ""People Operations Manager"", ""company"": ""Cell Labs"", ""date"": ""2026-06-24 15:41:28.548637"", ""is_remote"": true, ""role_family"": ""Engineering""}, ""confidence"": 1.0, ""extraction_method"": ""RULE"", ""source"": {""name"": ""Arbeitnow"", ""url"": ""https://www.arbeitnow.com/jobs/companies/cell-labs/people-operations-manager-berlin-80986""}}",2026-06-24T15:41:28.581954
https://www.arbeitnow.com/jobs/companies/holdeineplakette/kfz-prufassistent-fahrer-fur-hol-und-bringservice-kfz-prufstelle-solingen-125685,"{""schemaVersion"": ""1.0"", ""recordType"": ""JOB"", ""content"": {""title"": ""KfZ-Pr\u00fcfassistent & Fahrer f\u00fcr Hol- und Bringservice | KfZ-Pr\u00fcfstelle (m/w/d)"", ""company"": ""HolDeinePlakette"", ""date"": ""2026-06-24 15:41:28.590881"", ""is_remote"": true, ""role_family"": ""Engineering""}, ""confidence"": 1.0, ""extraction_method"": ""RULE"", ""source"": {""name"": ""Arbeitnow"", ""url"": ""https://www.arbeitnow.com/jobs/companies/holdeineplakette/kfz-prufassistent-fahrer-fur-hol-und-bringservice-kfz-prufstelle-solingen-125685""}}",2026-06-24T15:41:28.625015
https://www.arbeitnow.com/jobs/companies/immobilienberatung-bremen-gmbh/head-of-staff-in-vollzeit-immobilienberatung-bremen-gmbh-206071,"{""schemaVersion"": ""1.0"", ""recordType"": ""JOB"", ""content"": {""title"": ""Head of Staff (m/w/d) in Vollzeit - Immobilienberatung Bremen GmbH"", ""company"": ""Immobilienberatung Bremen GmbH"", ""date"": ""2026-06-24 15:41:28.634885"", ""is_remote"": true, ""role_family"": ""Engineering""}, ""confidence"": 1.0, ""extraction_method"": ""RULE"", ""source"": {""name"": ""Arbeitnow"", ""url"": ""https://www.arbeitnow.com/jobs/companies/immobilienberatung-bremen-gmbh/head-of-staff-in-vollzeit-immobilienberatung-bremen-gmbh-206071""}}",2026-06-24T15:41:28.667584
https://www.arbeitnow.com/jobs/companies/oetinger-aluminium-gmbh/sap-anwendungsbetreuer-in-vollzeit-weissenhorn-135687,"{""schemaVersion"": ""1.0"", ""recordType"": ""JOB"", ""content"": {""title"": ""SAP Anwendungsbetreuer (m/w/d) - in Vollzeit"", ""company"": ""Oetinger Aluminium GmbH"", ""date"": ""2026-06-24 15:41:28.673599"", ""is_remote"": true, ""role_family"": ""Engineering""}, ""confidence"": 1.0, ""extraction_method"": ""RULE"", ""source"": {""name"": ""Arbeitnow"", ""url"": ""https://www.arbeitnow.com/jobs/companies/oetinger-aluminium-gmbh/sap-anwendungsbetreuer-in-vollzeit-weissenhorn-135687""}}",2026-06-24T15:41:28.706781
https://www.arbeitnow.com/jobs/companies/mammaly/marketing-praktikant-working-student-all-genders-berlin-365344,"{""schemaVersion"": ""1.0"", ""recordType"": ""JOB"", ""content"": {""title"": ""Marketing - Praktikant / Working Student (all genders)"", ""company"": ""mammaly"", ""date"": ""2026-06-24 15:41:28.714976"", ""is_remote"": true, ""role_family"": ""Engineering""}, ""confidence"": 1.0, ""extraction_method"": ""RULE"", ""source"": {""name"": ""Arbeitnow"", ""url"": ""https://www.arbeitnow.com/jobs/companies/mammaly/marketing-praktikant-working-student-all-genders-berlin-365344""}}",2026-06-24T15:41:28.749844
https://www.arbeitnow.com/jobs/companies/kolner-wirtschaftsberatung/trainee-consulting-cologne-78270,"{""schemaVersion"": ""1.0"", ""recordType"": ""JOB"", ""content"": {""title"": ""Trainee (m/w/d) Consulting"", ""company"": ""K\u00f6lner Wirtschaftsberatung"", ""date"": ""2026-06-24 15:41:28.759264"", ""is_remote"": true, ""role_family"": ""Engineering""}, ""confidence"": 1.0, ""extraction_method"": ""RULE"", ""source"": {""name"": ""Arbeitnow"", ""url"": ""https://www.arbeitnow.com/jobs/companies/kolner-wirtschaftsberatung/trainee-consulting-cologne-78270""}}",2026-06-24T15:41:28.795523
https://www.arbeitnow.com/jobs/companies/langer-laumann-ing-buro-gmbh/mitarbeiter-support-technischer-vertrieb-vollzeit-steinfurt-94857,"{""schemaVersion"": ""1.0"", ""recordType"": ""JOB"", ""content"": {""title"": ""Mitarbeiter Support, technischer Vertrieb  (m/w/d) - Vollzeit"", ""company"": ""Langer & Laumann Ing.-B\u00fcro GmbH"", ""date"": ""2026-06-24 15:41:28.803735"", ""is_remote"": true, ""role_family"": ""Engineering""}, ""confidence"": 1.0, ""extraction_method"": ""RULE"", ""source"": {""name"": ""Arbeitnow"", ""url"": ""https://www.arbeitnow.com/jobs/companies/langer-laumann-ing-buro-gmbh/mitarbeiter-support-technischer-vertrieb-vollzeit-steinfurt-94857""}}",2026-06-24T15:41:28.841362
https://www.arbeitnow.com/jobs/companies/yalwa-gmbh/quality-assurance-engineer-wiesbaden-288665,"{""schemaVersion"": ""1.0"", ""recordType"": ""JOB"", ""content"": {""title"": ""Quality Assurance Engineer (m/f/d)"", ""company"": ""Yalwa GmbH"", ""date"": ""2026-06-24 15:41:28.849856"", ""is_remote"": true, ""role_family"": ""Engineering""}, ""confidence"": 1.0, ""extraction_method"": ""RULE"", ""source"": {""name"": ""Arbeitnow"", ""url"": ""https://www.arbeitnow.com/jobs/companies/yalwa-gmbh/quality-assurance-engineer-wiesbaden-288665""}}",2026-06-24T15:41:28.884897
https://www.arbeitnow.com/jobs/companies/plusnet-gmbh/werkstudent-im-onlinevertrieb-schwerpunkt-seo-und-content-management-koln-471184,"{""schemaVersion"": ""1.0"", ""recordType"": ""JOB"", ""content"": {""title"": ""Werkstudent im Onlinevertrieb - Schwerpunkt SEO und Content Management (m/w/d)"", ""company"": ""Plusnet GmbH"", ""date"": ""2026-06-24 15:41:28.892916"", ""is_remote"": true, ""role_family"": ""Engineering""}, ""confidence"": 1.0, ""extraction_method"": ""RULE"", ""source"": {""name"": ""Arbeitnow"", ""url"": ""https://www.arbeitnow.com/jobs/companies/plusnet-gmbh/werkstudent-im-onlinevertrieb-schwerpunkt-seo-und-content-management-koln-471184""}}",2026-06-24T15:41:28.928761
https://www.arbeitnow.com/jobs/companies/nord-ostsee-automobile/senior-hr-assistant-hamburg-60291,"{""schemaVersion"": ""1.0"", ""recordType"": ""JOB"", ""content"": {""title"": ""(Senior) HR Assistant (m/w/d)"", ""company"": ""Nord-Ostsee Automobile"", ""date"": ""2026-06-24 15:41:28.935756"", ""is_remote"": true, ""role_family"": ""Engineering""}, ""confidence"": 1.0, ""extraction_method"": ""RULE"", ""source"": {""name"": ""Arbeitnow"", ""url"": ""https://www.arbeitnow.com/jobs/companies/nord-ostsee-automobile/senior-hr-assistant-hamburg-60291""}}",2026-06-24T15:41:28.971935
https://www.arbeitnow.com/jobs/companies/nailscamp-gmbh/junior-digital-graphic-designer-berlin-74629,"{""schemaVersion"": ""1.0"", ""recordType"": ""JOB"", ""content"": {""title"": ""Junior Digital Graphic Designer"", ""company"": ""Nailscamp GmbH"", ""date"": ""2026-06-24 15:41:28.981946"", ""is_remote"": true, ""role_family"": ""Design""}, ""confidence"": 1.0, ""extraction_method"": ""RULE"", ""source"": {""name"": ""Arbeitnow"", ""url"": ""https://www.arbeitnow.com/jobs/companies/nailscamp-gmbh/junior-digital-graphic-designer-berlin-74629""}}",2026-06-24T15:41:29.018815
https://www.arbeitnow.com/jobs/companies/tangany-gmbh/hr-generalist-mit-office-management-munich-340523,"{""schemaVersion"": ""1.0"", ""recordType"": ""JOB"", ""content"": {""title"": ""HR Generalist mit Office Management (w/m/d)"", ""company"": ""Tangany GmbH"", ""date"": ""2026-06-24 15:41:29.028194"", ""is_remote"": true, ""role_family"": ""Engineering""}, ""confidence"": 1.0, ""extraction_method"": ""RULE"", ""source"": {""name"": ""Arbeitnow"", ""url"": ""https://www.arbeitnow.com/jobs/companies/tangany-gmbh/hr-generalist-mit-office-management-munich-340523""}}",2026-06-24T15:41:29.063508
https://www.arbeitnow.com/jobs/companies/sk-group-project-gbr/ugc-content-creator-berlin-406997,"{""schemaVersion"": ""1.0"", ""recordType"": ""JOB"", ""content"": {""title"": ""UGC Content Creator"", ""company"": ""SK Group & Project GbR"", ""date"": ""2026-06-24 15:41:29.071726"", ""is_remote"": true, ""role_family"": ""Engineering""}, ""confidence"": 1.0, ""extraction_method"": ""RULE"", ""source"": {""name"": ""Arbeitnow"", ""url"": ""https://www.arbeitnow.com/jobs/companies/sk-group-project-gbr/ugc-content-creator-berlin-406997""}}",2026-06-24T15:41:29.107707
https://www.arbeitnow.com/jobs/companies/guggenmos-personalmanagement-gmbh-co-kg/vertriebsleiter-ref-nr-10618-marktoberdorf-235739,"{""schemaVersion"": ""1.0"", ""recordType"": ""JOB"", ""content"": {""title"": ""Vertriebsleiter (m/w/d) | Ref.-Nr. 10618"", ""company"": ""GUGGENMOS Personalmanagement GmbH & Co. KG"", ""date"": ""2026-06-24 15:41:29.144948"", ""is_remote"": true, ""role_family"": ""Engineering""}, ""confidence"": 1.0, ""extraction_method"": ""RULE"", ""source"": {""name"": ""Arbeitnow"", ""url"": ""https://www.arbeitnow.com/jobs/companies/guggenmos-personalmanagement-gmbh-co-kg/vertriebsleiter-ref-nr-10618-marktoberdorf-235739""}}",2026-06-24T15:41:29.181282
https://www.arbeitnow.com/jobs/companies/trafficdesign-gmbh/strategic-growth-managerin-new-business-cologne-155509,"{""schemaVersion"": ""1.0"", ""recordType"": ""JOB"", ""content"": {""title"": ""Strategic Growth Manager:in - New Business (m/w/d)"", ""company"": ""trafficdesign GmbH"", ""date"": ""2026-06-24 15:41:29.190101"", ""is_remote"": true, ""role_family"": ""Sales/Growth""}, ""confidence"": 1.0, ""extraction_method"": ""RULE"", ""source"": {""name"": ""Arbeitnow"", ""url"": ""https://www.arbeitnow.com/jobs/companies/trafficdesign-gmbh/strategic-growth-managerin-new-business-cologne-155509""}}",2026-06-24T15:41:29.223677
https://www.arbeitnow.com/jobs/companies/jemix-gmbh/werkstudent-prozesse-erp-isms-iso-27001-berlin-151969,"{""schemaVersion"": ""1.0"", ""recordType"": ""JOB"", ""content"": {""title"": ""Werkstudent (m/w/d) \u2013 Prozesse, ERP & ISMS / ISO 27001"", ""company"": ""jemix GmbH"", ""date"": ""2026-06-24 15:41:29.232031"", ""is_remote"": true, ""role_family"": ""Engineering""}, ""confidence"": 1.0, ""extraction_method"": ""RULE"", ""source"": {""name"": ""Arbeitnow"", ""url"": ""https://www.arbeitnow.com/jobs/companies/jemix-gmbh/werkstudent-prozesse-erp-isms-iso-27001-berlin-151969""}}",2026-06-24T15:41:29.264935
https://www.arbeitnow.com/jobs/companies/jemix-gmbh/werkstudent-halopsa-cloud-integrationen-berlin-433862,"{""schemaVersion"": ""1.0"", ""recordType"": ""JOB"", ""content"": {""title"": ""Werkstudent (m/w/d) \u2013 HaloPSA & Cloud-Integrationen"", ""company"": ""jemix GmbH"", ""date"": ""2026-06-24 15:41:29.272989"", ""is_remote"": true, ""role_family"": ""Engineering""}, ""confidence"": 1.0, ""extraction_method"": ""RULE"", ""source"": {""name"": ""Arbeitnow"", ""url"": ""https://www.arbeitnow.com/jobs/companies/jemix-gmbh/werkstudent-halopsa-cloud-integrationen-berlin-433862""}}",2026-06-24T15:41:29.305827
https://www.arbeitnow.com/jobs/companies/jemix-gmbh/werkstudent-ai-engineer-berlin-434296,"{""schemaVersion"": ""1.0"", ""recordType"": ""JOB"", ""content"": {""title"": ""Werkstudent (m/w/d) \u2013 AI Engineer"", ""company"": ""jemix GmbH"", ""date"": ""2026-06-24 15:41:29.315473"", ""is_remote"": true, ""role_family"": ""Engineering""}, ""confidence"": 1.0, ""extraction_method"": ""RULE"", ""source"": {""name"": ""Arbeitnow"", ""url"": ""https://www.arbeitnow.com/jobs/companies/jemix-gmbh/werkstudent-ai-engineer-berlin-434296""}}",2026-06-24T15:41:29.348484
https://www.arbeitnow.com/jobs/companies/return/junior-projektmanager-batteriespeicher-hamburg-vollzeit-hybrid-233387,"{""schemaVersion"": ""1.0"", ""recordType"": ""JOB"", ""content"": {""title"": ""Junior Projektmanager Batteriespeicher (m/w/d) Hamburg | Vollzeit | Hybrid"", ""company"": ""Return"", ""date"": ""2026-06-24 15:41:29.358508"", ""is_remote"": true, ""role_family"": ""Engineering""}, ""confidence"": 1.0, ""extraction_method"": ""RULE"", ""source"": {""name"": ""Arbeitnow"", ""url"": ""https://www.arbeitnow.com/jobs/companies/return/junior-projektmanager-batteriespeicher-hamburg-vollzeit-hybrid-233387""}}",2026-06-24T15:41:29.391351
https://www.arbeitnow.com/jobs/companies/tlgg/werkstudentin-social-media-berlin-89877,"{""schemaVersion"": ""1.0"", ""recordType"": ""JOB"", ""content"": {""title"": ""Werkstudent:in - Social Media (w/m/d)"", ""company"": ""TLGG"", ""date"": ""2026-06-24 15:41:29.401238"", ""is_remote"": true, ""role_family"": ""Engineering""}, ""confidence"": 1.0, ""extraction_method"": ""RULE"", ""source"": {""name"": ""Arbeitnow"", ""url"": ""https://www.arbeitnow.com/jobs/companies/tlgg/werkstudentin-social-media-berlin-89877""}}",2026-06-24T15:41:29.431988
https://www.arbeitnow.com/jobs/companies/riverstate-premium-recruiting/bauleiter-planer-tga-hls-65000-eur-79000-eur-tarifvertrag-zzgl-sonderzahlungen-frankfurt-am-main-165019,"{""schemaVersion"": ""1.0"", ""recordType"": ""JOB"", ""content"": {""title"": ""Bauleiter / Planer TGA - HLS (m/w/d) | 65.000 \u20ac - 79.000 \u20ac (Tarifvertrag, zzgl. Sonderzahlungen)"", ""company"": ""Riverstate Premium Recruiting"", ""date"": ""2026-06-24 15:41:29.440009"", ""is_remote"": true, ""role_family"": ""Engineering""}, ""confidence"": 1.0, ""extraction_method"": ""RULE"", ""source"": {""name"": ""Arbeitnow"", ""url"": ""https://www.arbeitnow.com/jobs/companies/riverstate-premium-recruiting/bauleiter-planer-tga-hls-65000-eur-79000-eur-tarifvertrag-zzgl-sonderzahlungen-frankfurt-am-main-165019""}}",2026-06-24T15:41:29.473015
https://www.arbeitnow.com/jobs/companies/reshape-energy-group/projektabwickler-operations-manager-fokus-fachpartnermanagement-cologne-93957,"{""schemaVersion"": ""1.0"", ""recordType"": ""JOB"", ""content"": {""title"": ""Projektabwickler / Operations Manager (m/w/d): Fokus Fachpartnermanagement"", ""company"": ""Reshape Energy Group"", ""date"": ""2026-06-24 15:41:29.482484"", ""is_remote"": true, ""role_family"": ""Engineering""}, ""confidence"": 1.0, ""extraction_method"": ""RULE"", ""source"": {""name"": ""Arbeitnow"", ""url"": ""https://www.arbeitnow.com/jobs/companies/reshape-energy-group/projektabwickler-operations-manager-fokus-fachpartnermanagement-cologne-93957""}}",2026-06-24T15:41:29.517881
https://www.arbeitnow.com/jobs/companies/kj-commerce/praktikum-e-commerce-brand-social-media-frankfurt-am-main-154207,"{""schemaVersion"": ""1.0"", ""recordType"": ""JOB"", ""content"": {""title"": ""Praktikum E-Commerce, Brand & Social Media (m/w/d)"", ""company"": ""KJ Commerce"", ""date"": ""2026-06-24 15:41:29.525553"", ""is_remote"": true, ""role_family"": ""Engineering""}, ""confidence"": 1.0, ""extraction_method"": ""RULE"", ""source"": {""name"": ""Arbeitnow"", ""url"": ""https://www.arbeitnow.com/jobs/companies/kj-commerce/praktikum-e-commerce-brand-social-media-frankfurt-am-main-154207""}}",2026-06-24T15:41:29.557152
https://www.arbeitnow.com/jobs/companies/german-tote-serv-ubet-gmbh/content-creator-video-grafik-im-pferderennsport-neustadt-am-rubenberge-48018,"{""schemaVersion"": ""1.0"", ""recordType"": ""JOB"", ""content"": {""title"": ""Content Creator (Video & Grafik) im Pferderennsport (m/w/d)"", ""company"": ""German Tote Serv.-u.Bet. GmbH"", ""date"": ""2026-06-24 15:41:29.566791"", ""is_remote"": true, ""role_family"": ""Engineering""}, ""confidence"": 1.0, ""extraction_method"": ""RULE"", ""source"": {""name"": ""Arbeitnow"", ""url"": ""https://www.arbeitnow.com/jobs/companies/german-tote-serv-ubet-gmbh/content-creator-video-grafik-im-pferderennsport-neustadt-am-rubenberge-48018""}}",2026-06-24T15:41:29.603886
https://www.arbeitnow.com/jobs/companies/linde-amt-schluechtern-gmbh/technischer-fachsachbearbeiter-industrial-coating-service-ratingen-230129,"{""schemaVersion"": ""1.0"", ""recordType"": ""JOB"", ""content"": {""title"": ""Technischer Fachsachbearbeiter Industrial Coating Service (m/w/d)"", ""company"": ""Linde AMT Schluechtern GmbH"", ""date"": ""2026-06-24 15:41:29.613825"", ""is_remote"": true, ""role_family"": ""Engineering""}, ""confidence"": 1.0, ""extraction_method"": ""RULE"", ""source"": {""name"": ""Arbeitnow"", ""url"": ""https://www.arbeitnow.com/jobs/companies/linde-amt-schluechtern-gmbh/technischer-fachsachbearbeiter-industrial-coating-service-ratingen-230129""}}",2026-06-24T15:41:29.652017
https://www.arbeitnow.com/jobs/companies/valkental-gmbh/e-mail-marketer-dusseldorf-38455,"{""schemaVersion"": ""1.0"", ""recordType"": ""JOB"", ""content"": {""title"": ""E-Mail Marketer (m/w/d)"", ""company"": ""Valkental GmbH"", ""date"": ""2026-06-24 15:41:29.659436"", ""is_remote"": true, ""role_family"": ""Engineering""}, ""confidence"": 1.0, ""extraction_method"": ""RULE"", ""source"": {""name"": ""Arbeitnow"", ""url"": ""https://www.arbeitnow.com/jobs/companies/valkental-gmbh/e-mail-marketer-dusseldorf-38455""}}",2026-06-24T15:41:29.697054
https://www.arbeitnow.com/jobs/companies/linde-amt-schluechtern-gmbh/technischer-fachsachbearbeiter-luftfahrt-ratingen-138634,"{""schemaVersion"": ""1.0"", ""recordType"": ""JOB"", ""content"": {""title"": ""Technischer Fachsachbearbeiter Luftfahrt (m/w/d)"", ""company"": ""Linde AMT Schluechtern GmbH"", ""date"": ""2026-06-24 15:41:29.705167"", ""is_remote"": true, ""role_family"": ""Engineering""}, ""confidence"": 1.0, ""extraction_method"": ""RULE"", ""source"": {""name"": ""Arbeitnow"", ""url"": ""https://www.arbeitnow.com/jobs/companies/linde-amt-schluechtern-gmbh/technischer-fachsachbearbeiter-luftfahrt-ratingen-138634""}}",2026-06-24T15:41:29.739122
https://www.arbeitnow.com/jobs/companies/staking-facilities-gmbh/senior-systems-engineer-solana-remote-germany-europe-munich-465669,"{""schemaVersion"": ""1.0"", ""recordType"": ""JOB"", ""content"": {""title"": ""(Senior) Systems Engineer (Solana) - Remote Germany/Europe  (m/f/d)"", ""company"": ""Staking Facilities GmbH"", ""date"": ""2026-06-24 15:41:29.747052"", ""is_remote"": true, ""role_family"": ""Engineering""}, ""confidence"": 1.0, ""extraction_method"": ""RULE"", ""source"": {""name"": ""Arbeitnow"", ""url"": ""https://www.arbeitnow.com/jobs/companies/staking-facilities-gmbh/senior-systems-engineer-solana-remote-germany-europe-munich-465669""}}",2026-06-24T15:41:29.779715
https://www.arbeitnow.com/jobs/companies/kuhn-gmbh/programmiererin-fur-interne-anwendungen-hopfingen-483505,"{""schemaVersion"": ""1.0"", ""recordType"": ""JOB"", ""content"": {""title"": ""Programmierer*in f\u00fcr interne Anwendungen"", ""company"": ""KUHN GmbH"", ""date"": ""2026-06-24 15:41:29.790230"", ""is_remote"": true, ""role_family"": ""Engineering""}, ""confidence"": 1.0, ""extraction_method"": ""RULE"", ""source"": {""name"": ""Arbeitnow"", ""url"": ""https://www.arbeitnow.com/jobs/companies/kuhn-gmbh/programmiererin-fur-interne-anwendungen-hopfingen-483505""}}",2026-06-24T15:41:29.821819
https://www.arbeitnow.com/jobs/companies/investmentbuilder-group-gmbh/account-manager-fulfillment-manager-mainz-428033,"{""schemaVersion"": ""1.0"", ""recordType"": ""JOB"", ""content"": {""title"": ""Account Manager / Fulfillment Manager (m/w/d)"", ""company"": ""Investmentbuilder Group GmbH"", ""date"": ""2026-06-24 15:41:29.831368"", ""is_remote"": true, ""role_family"": ""Engineering""}, ""confidence"": 1.0, ""extraction_method"": ""RULE"", ""source"": {""name"": ""Arbeitnow"", ""url"": ""https://www.arbeitnow.com/jobs/companies/investmentbuilder-group-gmbh/account-manager-fulfillment-manager-mainz-428033""}}",2026-06-24T15:41:29.866089
https://www.arbeitnow.com/jobs/companies/requisimus-holding-gmbh/senior-embedded-solution-architect-automotive-freelance-ulm-101567,"{""schemaVersion"": ""1.0"", ""recordType"": ""JOB"", ""content"": {""title"": ""Senior Embedded Solution Architect (Automotive) (m/w/x) FREELANCE"", ""company"": ""requisimus Holding GmbH"", ""date"": ""2026-06-24 15:41:29.872103"", ""is_remote"": true, ""role_family"": ""Engineering""}, ""confidence"": 1.0, ""extraction_method"": ""RULE"", ""source"": {""name"": ""Arbeitnow"", ""url"": ""https://www.arbeitnow.com/jobs/companies/requisimus-holding-gmbh/senior-embedded-solution-architect-automotive-freelance-ulm-101567""}}",2026-06-24T15:41:29.904407
https://www.arbeitnow.com/jobs/companies/agex-it-gmbh/python-entwicker-gesucht-refnr-4201-berlin-439747,"{""schemaVersion"": ""1.0"", ""recordType"": ""JOB"", ""content"": {""title"": ""Python Entwicker (w/m/d) gesucht! Ref.Nr. 4201!"", ""company"": ""agex IT gmbh"", ""date"": ""2026-06-24 15:41:29.911109"", ""is_remote"": true, ""role_family"": ""Engineering""}, ""confidence"": 1.0, ""extraction_method"": ""RULE"", ""source"": {""name"": ""Arbeitnow"", ""url"": ""https://www.arbeitnow.com/jobs/companies/agex-it-gmbh/python-entwicker-gesucht-refnr-4201-berlin-439747""}}",2026-06-24T15:41:29.945370
https://www.arbeitnow.com/jobs/companies/amc-group/werkstudent-ki-unternehmensentwicklung-munich-50787,"{""schemaVersion"": ""1.0"", ""recordType"": ""JOB"", ""content"": {""title"": ""Werkstudent KI & Unternehmensentwicklung (m/w/x)"", ""company"": ""amc Group"", ""date"": ""2026-06-24 15:41:29.949382"", ""is_remote"": true, ""role_family"": ""Engineering""}, ""confidence"": 1.0, ""extraction_method"": ""RULE"", ""source"": {""name"": ""Arbeitnow"", ""url"": ""https://www.arbeitnow.com/jobs/companies/amc-group/werkstudent-ki-unternehmensentwicklung-munich-50787""}}",2026-06-24T15:41:29.983405
https://www.arbeitnow.com/jobs/companies/kevin-kehr/werkstudent-finance-beratung-unternehmerisch-leistungsbasiert-hamburg-347406,"{""schemaVersion"": ""1.0"", ""recordType"": ""JOB"", ""content"": {""title"": ""Werkstudent (m/w/d) \u2013 Finance & Beratung (unternehmerisch, leistungsbasiert)"", ""company"": ""Kevin Kehr"", ""date"": ""2026-06-24 15:41:29.991899"", ""is_remote"": true, ""role_family"": ""Engineering""}, ""confidence"": 1.0, ""extraction_method"": ""RULE"", ""source"": {""name"": ""Arbeitnow"", ""url"": ""https://www.arbeitnow.com/jobs/companies/kevin-kehr/werkstudent-finance-beratung-unternehmerisch-leistungsbasiert-hamburg-347406""}}",2026-06-24T15:41:30.021735
https://www.arbeitnow.com/jobs/companies/efly-marketplace-services-gmbh/junior-google-performance-analytics-manager-stuttgart-346606,"{""schemaVersion"": ""1.0"", ""recordType"": ""JOB"", ""content"": {""title"": ""Junior Google Performance & Analytics Manager (m/w/d)"", ""company"": ""eFLY Marketplace Services GmbH"", ""date"": ""2026-06-24 15:41:30.030966"", ""is_remote"": true, ""role_family"": ""Engineering""}, ""confidence"": 1.0, ""extraction_method"": ""RULE"", ""source"": {""name"": ""Arbeitnow"", ""url"": ""https://www.arbeitnow.com/jobs/companies/efly-marketplace-services-gmbh/junior-google-performance-analytics-manager-stuttgart-346606""}}",2026-06-24T15:41:30.062014
https://www.arbeitnow.com/jobs/companies/adkochmarketing-gmbh/junior-account-manager-kundenbetreuung-projektmanagement-hamburg-20087,"{""schemaVersion"": ""1.0"", ""recordType"": ""JOB"", ""content"": {""title"": ""Junior Account Manager (m/w/d) - Kundenbetreuung & Projektmanagement"", ""company"": ""AdKochMarketing GmbH"", ""date"": ""2026-06-24 15:41:30.070039"", ""is_remote"": true, ""role_family"": ""Engineering""}, ""confidence"": 1.0, ""extraction_method"": ""RULE"", ""source"": {""name"": ""Arbeitnow"", ""url"": ""https://www.arbeitnow.com/jobs/companies/adkochmarketing-gmbh/junior-account-manager-kundenbetreuung-projektmanagement-hamburg-20087""}}",2026-06-24T15:41:30.100020
https://www.arbeitnow.com/jobs/companies/beutler-saghari-partner-gmbh/praktikum-social-media-content-manager-remote-iserlohn-292625,"{""schemaVersion"": ""1.0"", ""recordType"": ""JOB"", ""content"": {""title"": ""Praktikum \""Social Media/ Content Manager\"" (m/w/d), Remote"", ""company"": ""Beutler Saghari & Partner GmbH"", ""date"": ""2026-06-24 15:41:30.108039"", ""is_remote"": true, ""role_family"": ""Engineering""}, ""confidence"": 1.0, ""extraction_method"": ""RULE"", ""source"": {""name"": ""Arbeitnow"", ""url"": ""https://www.arbeitnow.com/jobs/companies/beutler-saghari-partner-gmbh/praktikum-social-media-content-manager-remote-iserlohn-292625""}}",2026-06-24T15:41:30.146429
https://www.arbeitnow.com/jobs/companies/clariness-gmbh/inside-sales-executive-berlin-225775,"{""schemaVersion"": ""1.0"", ""recordType"": ""JOB"", ""content"": {""title"": ""Inside Sales Executive (f/m/d)"", ""company"": ""Clariness GmbH"", ""date"": ""2026-06-24 15:41:30.155449"", ""is_remote"": true, ""role_family"": ""Sales/Growth""}, ""confidence"": 1.0, ""extraction_method"": ""RULE"", ""source"": {""name"": ""Arbeitnow"", ""url"": ""https://www.arbeitnow.com/jobs/companies/clariness-gmbh/inside-sales-executive-berlin-225775""}}",2026-06-24T15:41:30.189916
https://www.arbeitnow.com/jobs/companies/arbeiter-samariter-bund-kreisverband-lubben-ev/it-administrator-lubben-303622,"{""schemaVersion"": ""1.0"", ""recordType"": ""JOB"", ""content"": {""title"": ""IT-Administrator (m/w/d)"", ""company"": ""Arbeiter-Samariter-Bund Kreisverband L\u00fcbben e.V."", ""date"": ""2026-06-24 15:41:30.200383"", ""is_remote"": true, ""role_family"": ""Engineering""}, ""confidence"": 1.0, ""extraction_method"": ""RULE"", ""source"": {""name"": ""Arbeitnow"", ""url"": ""https://www.arbeitnow.com/jobs/companies/arbeiter-samariter-bund-kreisverband-lubben-ev/it-administrator-lubben-303622""}}",2026-06-24T15:41:30.238933
https://www.arbeitnow.com/jobs/companies/vedisys-ag/projektmanager-fur-softwareprodukte-im-opnv-in-darmstadt-griesheim-434759,"{""schemaVersion"": ""1.0"", ""recordType"": ""JOB"", ""content"": {""title"": ""Projektmanager f\u00fcr Softwareprodukte im \u00d6PNV (m/w/d) in Darmstadt"", ""company"": ""vedisys AG"", ""date"": ""2026-06-24 15:41:30.248510"", ""is_remote"": true, ""role_family"": ""Engineering""}, ""confidence"": 1.0, ""extraction_method"": ""RULE"", ""source"": {""name"": ""Arbeitnow"", ""url"": ""https://www.arbeitnow.com/jobs/companies/vedisys-ag/projektmanager-fur-softwareprodukte-im-opnv-in-darmstadt-griesheim-434759""}}",2026-06-24T15:41:30.285883
https://www.arbeitnow.com/jobs/companies/tenmedia-gmbh/fachinformatiker-fur-anwendungsentwicklung-vollzeit-berlin-449512,"{""schemaVersion"": ""1.0"", ""recordType"": ""JOB"", ""content"": {""title"": ""Fachinformatiker f\u00fcr Anwendungsentwicklung (m/w/d) | Vollzeit"", ""company"": ""TenMedia GmbH"", ""date"": ""2026-06-24 15:41:30.294420"", ""is_remote"": true, ""role_family"": ""Engineering""}, ""confidence"": 1.0, ""extraction_method"": ""RULE"", ""source"": {""name"": ""Arbeitnow"", ""url"": ""https://www.arbeitnow.com/jobs/companies/tenmedia-gmbh/fachinformatiker-fur-anwendungsentwicklung-vollzeit-berlin-449512""}}",2026-06-24T15:41:30.328636
https://www.arbeitnow.com/jobs/companies/tenmedia-gmbh/tech-content-manager-online-redakteur-berlin-mitte-festanstellung-346635,"{""schemaVersion"": ""1.0"", ""recordType"": ""JOB"", ""content"": {""title"": ""Tech Content Manager / Online-Redakteur (m/w/d) | Berlin-Mitte | Festanstellung"", ""company"": ""TenMedia GmbH"", ""date"": ""2026-06-24 15:41:30.337725"", ""is_remote"": true, ""role_family"": ""Engineering""}, ""confidence"": 1.0, ""extraction_method"": ""RULE"", ""source"": {""name"": ""Arbeitnow"", ""url"": ""https://www.arbeitnow.com/jobs/companies/tenmedia-gmbh/tech-content-manager-online-redakteur-berlin-mitte-festanstellung-346635""}}",2026-06-24T15:41:30.371873
https://www.arbeitnow.com/jobs/companies/tenmedia-gmbh/traumpraktikum-mit-perspektive-werde-fachinformatiker-fur-anwendungsentwicklung-bei-uns-in-berlin-166665,"{""schemaVersion"": ""1.0"", ""recordType"": ""JOB"", ""content"": {""title"": ""Traumpraktikum mit Perspektive: Werde Fachinformatiker f\u00fcr Anwendungsentwicklung (m/w/d) bei uns in Berlin!"", ""company"": ""TenMedia GmbH"", ""date"": ""2026-06-24 15:41:30.380219"", ""is_remote"": true, ""role_family"": ""Engineering""}, ""confidence"": 1.0, ""extraction_method"": ""RULE"", ""source"": {""name"": ""Arbeitnow"", ""url"": ""https://www.arbeitnow.com/jobs/companies/tenmedia-gmbh/traumpraktikum-mit-perspektive-werde-fachinformatiker-fur-anwendungsentwicklung-bei-uns-in-berlin-166665""}}",2026-06-24T15:41:30.410384
https://www.arbeitnow.com/jobs/companies/tenmedia-gmbh/projektkoordination-softwareprojekte-berlin-mitte-teilzeit-vollzeit-107802,"{""schemaVersion"": ""1.0"", ""recordType"": ""JOB"", ""content"": {""title"": ""Projektkoordination Softwareprojekte (m/w/d) | Berlin-Mitte | Teilzeit/Vollzeit"", ""company"": ""TenMedia GmbH"", ""date"": ""2026-06-24 15:41:30.417868"", ""is_remote"": true, ""role_family"": ""Engineering""}, ""confidence"": 1.0, ""extraction_method"": ""RULE"", ""source"": {""name"": ""Arbeitnow"", ""url"": ""https://www.arbeitnow.com/jobs/companies/tenmedia-gmbh/projektkoordination-softwareprojekte-berlin-mitte-teilzeit-vollzeit-107802""}}",2026-06-24T15:41:30.449675
https://www.arbeitnow.com/jobs/companies/partspace-gmbh/senior-finance-manager-munich-268871,"{""schemaVersion"": ""1.0"", ""recordType"": ""JOB"", ""content"": {""title"": ""Senior Finance Manager (m/w/d)"", ""company"": ""PartSpace GmbH"", ""date"": ""2026-06-24 15:41:30.456783"", ""is_remote"": true, ""role_family"": ""Engineering""}, ""confidence"": 1.0, ""extraction_method"": ""RULE"", ""source"": {""name"": ""Arbeitnow"", ""url"": ""https://www.arbeitnow.com/jobs/companies/partspace-gmbh/senior-finance-manager-munich-268871""}}",2026-06-24T15:41:30.484815
https://www.arbeitnow.com/jobs/companies/taxtalentede/steuerberater-in-steinkirchen-auf-wunsch-mit-partnerperspektive-gesucht-mindestens-90000eur-445016,"{""schemaVersion"": ""1.0"", ""recordType"": ""JOB"", ""content"": {""title"": ""Steuerberater (m/w/d) in Steinkirchen, auf Wunsch mit Partnerperspektive, gesucht - mindestens 90.000\u20ac"", ""company"": ""Taxtalente.de"", ""date"": ""2026-06-24 15:41:30.501648"", ""is_remote"": true, ""role_family"": ""Engineering""}, ""confidence"": 1.0, ""extraction_method"": ""RULE"", ""source"": {""name"": ""Arbeitnow"", ""url"": ""https://www.arbeitnow.com/jobs/companies/taxtalentede/steuerberater-in-steinkirchen-auf-wunsch-mit-partnerperspektive-gesucht-mindestens-90000eur-445016""}}",2026-06-24T15:41:30.537235
https://www.arbeitnow.com/jobs/companies/taxtalentede/steuerberater-in-regensburg-auf-wunsch-mit-partnerperspektive-gesucht-mindestens-90000eur-449824,"{""schemaVersion"": ""1.0"", ""recordType"": ""JOB"", ""content"": {""title"": ""Steuerberater (m/w/d) in Regensburg, auf Wunsch mit Partnerperspektive, gesucht - mindestens 90.000\u20ac"", ""company"": ""Taxtalente.de"", ""date"": ""2026-06-24 15:41:30.545108"", ""is_remote"": true, ""role_family"": ""Engineering""}, ""confidence"": 1.0, ""extraction_method"": ""RULE"", ""source"": {""name"": ""Arbeitnow"", ""url"": ""https://www.arbeitnow.com/jobs/companies/taxtalentede/steuerberater-in-regensburg-auf-wunsch-mit-partnerperspektive-gesucht-mindestens-90000eur-449824""}}",2026-06-24T15:41:30.582908
https://www.arbeitnow.com/jobs/companies/taxtalentede/steuerberater-in-cottbus-auf-wunsch-mit-partnerperspektive-gesucht-mindestens-90000eur-410236,"{""schemaVersion"": ""1.0"", ""recordType"": ""JOB"", ""content"": {""title"": ""Steuerberater (m/w/d) in Cottbus, auf Wunsch mit Partnerperspektive, gesucht - mindestens 90.000\u20ac"", ""company"": ""Taxtalente.de"", ""date"": ""2026-06-24 15:41:30.592550"", ""is_remote"": true, ""role_family"": ""Engineering""}, ""confidence"": 1.0, ""extraction_method"": ""RULE"", ""source"": {""name"": ""Arbeitnow"", ""url"": ""https://www.arbeitnow.com/jobs/companies/taxtalentede/steuerberater-in-cottbus-auf-wunsch-mit-partnerperspektive-gesucht-mindestens-90000eur-410236""}}",2026-06-24T15:41:30.624182
https://www.arbeitnow.com/jobs/companies/taxtalentede/steuerberater-in-widdern-auf-wunsch-mit-partnerperspektive-gesucht-mindestens-90000eur-23947,"{""schemaVersion"": ""1.0"", ""recordType"": ""JOB"", ""content"": {""title"": ""Steuerberater (m/w/d) in Widdern, auf Wunsch mit Partnerperspektive, gesucht - mindestens 90.000\u20ac"", ""company"": ""Taxtalente.de"", ""date"": ""2026-06-24 12:09:52.583676"", ""is_remote"": true, ""role_family"": ""Engineering""}, ""confidence"": 1.0, ""extraction_method"": ""RULE"", ""source"": {""name"": ""Arbeitnow"", ""url"": ""https://www.arbeitnow.com/jobs/companies/taxtalentede/steuerberater-in-widdern-auf-wunsch-mit-partnerperspektive-gesucht-mindestens-90000eur-23947""}}",2026-06-24T12:09:52.597683
https://www.arbeitnow.com/jobs/companies/taxtalentede/steuerberater-in-kell-am-see-auf-wunsch-mit-partnerperspektive-gesucht-mindestens-90000eur-322532,"{""schemaVersion"": ""1.0"", ""recordType"": ""JOB"", ""content"": {""title"": ""Steuerberater (m/w/d) in Kell am See, auf Wunsch mit Partnerperspektive, gesucht - mindestens 90.000\u20ac"", ""company"": ""Taxtalente.de"", ""date"": ""2026-06-24 12:09:52.608517"", ""is_remote"": true, ""role_family"": ""Engineering""}, ""confidence"": 1.0, ""extraction_method"": ""RULE"", ""source"": {""name"": ""Arbeitnow"", ""url"": ""https://www.arbeitnow.com/jobs/companies/taxtalentede/steuerberater-in-kell-am-see-auf-wunsch-mit-partnerperspektive-gesucht-mindestens-90000eur-322532""}}",2026-06-24T12:09:52.623094
https://www.arbeitnow.com/jobs/companies/taxtalentede/steuerberater-in-neu-wulmstorf-auf-wunsch-mit-partnerperspektive-gesucht-mindestens-90000eur-154436,"{""schemaVersion"": ""1.0"", ""recordType"": ""JOB"", ""content"": {""title"": ""Steuerberater (m/w/d) in Neu Wulmstorf, auf Wunsch mit Partnerperspektive, gesucht - mindestens 90.000\u20ac"", ""company"": ""Taxtalente.de"", ""date"": ""2026-06-24 12:09:52.632223"", ""is_remote"": true, ""role_family"": ""Engineering""}, ""confidence"": 1.0, ""extraction_method"": ""RULE"", ""source"": {""name"": ""Arbeitnow"", ""url"": ""https://www.arbeitnow.com/jobs/companies/taxtalentede/steuerberater-in-neu-wulmstorf-auf-wunsch-mit-partnerperspektive-gesucht-mindestens-90000eur-154436""}}",2026-06-24T12:09:52.645825
https://www.arbeitnow.com/jobs/companies/taxtalentede/steuerberater-in-malgersdorf-auf-wunsch-mit-partnerperspektive-gesucht-mindestens-90000eur-342748,"{""schemaVersion"": ""1.0"", ""recordType"": ""JOB"", ""content"": {""title"": ""Steuerberater (m/w/d) in Malgersdorf, auf Wunsch mit Partnerperspektive, gesucht - mindestens 90.000\u20ac"", ""company"": ""Taxtalente.de"", ""date"": ""2026-06-24 12:09:52.654826"", ""is_remote"": true, ""role_family"": ""Engineering""}, ""confidence"": 1.0, ""extraction_method"": ""RULE"", ""source"": {""name"": ""Arbeitnow"", ""url"": ""https://www.arbeitnow.com/jobs/companies/taxtalentede/steuerberater-in-malgersdorf-auf-wunsch-mit-partnerperspektive-gesucht-mindestens-90000eur-342748""}}",2026-06-24T12:09:52.669144
https://www.arbeitnow.com/jobs/companies/taxtalentede/steuerberater-in-willstatt-auf-wunsch-mit-partnerperspektive-gesucht-mindestens-90000eur-110709,"{""schemaVersion"": ""1.0"", ""recordType"": ""JOB"", ""content"": {""title"": ""Steuerberater (m/w/d) in Willst\u00e4tt, auf Wunsch mit Partnerperspektive, gesucht - mindestens 90.000\u20ac"", ""company"": ""Taxtalente.de"", ""date"": ""2026-06-24 12:09:52.677249"", ""is_remote"": true, ""role_family"": ""Engineering""}, ""confidence"": 1.0, ""extraction_method"": ""RULE"", ""source"": {""name"": ""Arbeitnow"", ""url"": ""https://www.arbeitnow.com/jobs/companies/taxtalentede/steuerberater-in-willstatt-auf-wunsch-mit-partnerperspektive-gesucht-mindestens-90000eur-110709""}}",2026-06-24T12:09:52.691296
https://www.arbeitnow.com/jobs/companies/kobau-leipzig/werkstudent-projektmanagement-innenausbau-leipzig-447231,"{""schemaVersion"": ""1.0"", ""recordType"": ""JOB"", ""content"": {""title"": ""Werkstudent Projektmanagement Innenausbau"", ""company"": ""Kobau Leipzig"", ""date"": ""2026-06-24 12:09:52.699299"", ""is_remote"": true, ""role_family"": ""Engineering""}, ""confidence"": 1.0, ""extraction_method"": ""RULE"", ""source"": {""name"": ""Arbeitnow"", ""url"": ""https://www.arbeitnow.com/jobs/companies/kobau-leipzig/werkstudent-projektmanagement-innenausbau-leipzig-447231""}}",2026-06-24T12:09:52.715564
https://www.arbeitnow.com/jobs/companies/kobau-leipzig/assistant-office-management-student-minijob-leipzig-380843,"{""schemaVersion"": ""1.0"", ""recordType"": ""JOB"", ""content"": {""title"": ""Assistant Office Management (Student / Minijob)"", ""company"": ""Kobau Leipzig"", ""date"": ""2026-06-24 12:09:52.722943"", ""is_remote"": true, ""role_family"": ""Engineering""}, ""confidence"": 1.0, ""extraction_method"": ""RULE"", ""source"": {""name"": ""Arbeitnow"", ""url"": ""https://www.arbeitnow.com/jobs/companies/kobau-leipzig/assistant-office-management-student-minijob-leipzig-380843""}}",2026-06-24T12:09:52.742631
https://www.arbeitnow.com/jobs/companies/kobau-leipzig/junior-projektmanagerin-student-minijob-leipzig-335085,"{""schemaVersion"": ""1.0"", ""recordType"": ""JOB"", ""content"": {""title"": ""Junior Projektmanager:in (Student/Minijob)"", ""company"": ""Kobau Leipzig"", ""date"": ""2026-06-24 12:09:52.750639"", ""is_remote"": true, ""role_family"": ""Engineering""}, ""confidence"": 1.0, ""extraction_method"": ""RULE"", ""source"": {""name"": ""Arbeitnow"", ""url"": ""https://www.arbeitnow.com/jobs/companies/kobau-leipzig/junior-projektmanagerin-student-minijob-leipzig-335085""}}",2026-06-24T12:09:52.766388
https://www.arbeitnow.com/jobs/companies/adito-software-gmbh/strategic-account-manager-landshut-366458,"{""schemaVersion"": ""1.0"", ""recordType"": ""JOB"", ""content"": {""title"": ""Strategic Account Manager (m/w/d)"", ""company"": ""ADITO Software GmbH"", ""date"": ""2026-06-24 12:09:52.775186"", ""is_remote"": true, ""role_family"": ""Engineering""}, ""confidence"": 1.0, ""extraction_method"": ""RULE"", ""source"": {""name"": ""Arbeitnow"", ""url"": ""https://www.arbeitnow.com/jobs/companies/adito-software-gmbh/strategic-account-manager-landshut-366458""}}",2026-06-24T12:09:52.790249
https://www.arbeitnow.com/jobs/companies/kamberi-group-holding-gmbh/gruppenleiter-rechnungswesen-jahresabschluss-mwd-fulda-455669,"{""schemaVersion"": ""1.0"", ""recordType"": ""JOB"", ""content"": {""title"": ""Gruppenleiter Rechnungswesen & Jahresabschluss (m|w|d)"", ""company"": ""Kamberi Group Holding GmbH"", ""date"": ""2026-06-24 12:09:52.797906"", ""is_remote"": true, ""role_family"": ""Engineering""}, ""confidence"": 1.0, ""extraction_method"": ""RULE"", ""source"": {""name"": ""Arbeitnow"", ""url"": ""https://www.arbeitnow.com/jobs/companies/kamberi-group-holding-gmbh/gruppenleiter-rechnungswesen-jahresabschluss-mwd-fulda-455669""}}",2026-06-24T12:09:52.813356
https://www.arbeitnow.com/jobs/companies/ost-bau-osterburger-strassen-tief-und-hochbau-gmbh/vermessungsingenieur-vermessungstechniker-gn-oebisfelde-weferlingen-458195,"{""schemaVersion"": ""1.0"", ""recordType"": ""JOB"", ""content"": {""title"": ""Vermessungsingenieur/Vermessungstechniker (gn)"", ""company"": ""OST BAU; Osterburger Stra\u00dfen-,Tief- und Hochbau GmbH"", ""date"": ""2026-06-24 12:09:52.821867"", ""is_remote"": true, ""role_family"": ""Engineering""}, ""confidence"": 1.0, ""extraction_method"": ""RULE"", ""source"": {""name"": ""Arbeitnow"", ""url"": ""https://www.arbeitnow.com/jobs/companies/ost-bau-osterburger-strassen-tief-und-hochbau-gmbh/vermessungsingenieur-vermessungstechniker-gn-oebisfelde-weferlingen-458195""}}",2026-06-24T12:09:52.839902
https://www.arbeitnow.com/jobs/companies/investmentbuilder-group-gmbh/head-of-sales-vertriebsleiter-mainz-68256,"{""schemaVersion"": ""1.0"", ""recordType"": ""JOB"", ""content"": {""title"": ""Head of Sales / Vertriebsleiter (m/w/d)"", ""company"": ""Investmentbuilder Group GmbH"", ""date"": ""2026-06-24 12:09:52.847901"", ""is_remote"": true, ""role_family"": ""Sales/Growth""}, ""confidence"": 1.0, ""extraction_method"": ""RULE"", ""source"": {""name"": ""Arbeitnow"", ""url"": ""https://www.arbeitnow.com/jobs/companies/investmentbuilder-group-gmbh/head-of-sales-vertriebsleiter-mainz-68256""}}",2026-06-24T12:09:52.862433
https://www.arbeitnow.com/jobs/companies/omnora-gmbh/account-executive-b2b-saas-enterprise-frankfurt-am-main-126193,"{""schemaVersion"": ""1.0"", ""recordType"": ""JOB"", ""content"": {""title"": ""Account Executive (m/w/d) \u2013 B2B SaaS / Enterprise"", ""company"": ""Omnora GmbH"", ""date"": ""2026-06-24 12:09:52.873018"", ""is_remote"": true, ""role_family"": ""Engineering""}, ""confidence"": 1.0, ""extraction_method"": ""RULE"", ""source"": {""name"": ""Arbeitnow"", ""url"": ""https://www.arbeitnow.com/jobs/companies/omnora-gmbh/account-executive-b2b-saas-enterprise-frankfurt-am-main-126193""}}",2026-06-24T12:09:52.887553
https://www.arbeitnow.com/jobs/companies/kokenschmidt-gmbh/projektingenieur-im-bereich-antragswesen-wasserwirtschaft-entwasserung-meppen-394327,"{""schemaVersion"": ""1.0"", ""recordType"": ""JOB"", ""content"": {""title"": ""Projektingenieur (m/w/d) im Bereich Antragswesen - Wasserwirtschaft / Entw\u00e4sserung"", ""company"": ""Kokenschmidt GmbH"", ""date"": ""2026-06-24 12:09:52.895551"", ""is_remote"": true, ""role_family"": ""Engineering""}, ""confidence"": 1.0, ""extraction_method"": ""RULE"", ""source"": {""name"": ""Arbeitnow"", ""url"": ""https://www.arbeitnow.com/jobs/companies/kokenschmidt-gmbh/projektingenieur-im-bereich-antragswesen-wasserwirtschaft-entwasserung-meppen-394327""}}",2026-06-24T12:09:52.911627
https://www.arbeitnow.com/jobs/companies/instagrid/working-student-it-infrastructure-ludwigsburg-102098,"{""schemaVersion"": ""1.0"", ""recordType"": ""JOB"", ""content"": {""title"": ""Working Student (f/m/d) - IT Infrastructure"", ""company"": ""Instagrid"", ""date"": ""2026-06-24 12:09:52.919556"", ""is_remote"": true, ""role_family"": ""Engineering""}, ""confidence"": 1.0, ""extraction_method"": ""RULE"", ""source"": {""name"": ""Arbeitnow"", ""url"": ""https://www.arbeitnow.com/jobs/companies/instagrid/working-student-it-infrastructure-ludwigsburg-102098""}}",2026-06-24T12:09:52.937311
https://www.arbeitnow.com/jobs/companies/indumera-gmbh/senior-marketing-manager-herford-153989,"{""schemaVersion"": ""1.0"", ""recordType"": ""JOB"", ""content"": {""title"": ""Senior Marketing Manager (m/w/d)"", ""company"": ""INDUMERA GmbH"", ""date"": ""2026-06-24 12:09:52.946315"", ""is_remote"": true, ""role_family"": ""Engineering""}, ""confidence"": 1.0, ""extraction_method"": ""RULE"", ""source"": {""name"": ""Arbeitnow"", ""url"": ""https://www.arbeitnow.com/jobs/companies/indumera-gmbh/senior-marketing-manager-herford-153989""}}",2026-06-24T12:09:52.961384
https://www.arbeitnow.com/jobs/companies/bottcher-partner/top-karrierechance-fur-fuhrungskraft-all-gender-operations-in-suddeutschland-munich-107597,"{""schemaVersion"": ""1.0"", ""recordType"": ""JOB"", ""content"": {""title"": ""Top Karrierechance f\u00fcr F\u00fchrungskraft (all gender) Operations in S\u00fcddeutschland"", ""company"": ""B\u00f6ttcher & Partner"", ""date"": ""2026-06-24 12:09:52.971803"", ""is_remote"": true, ""role_family"": ""Engineering""}, ""confidence"": 1.0, ""extraction_method"": ""RULE"", ""source"": {""name"": ""Arbeitnow"", ""url"": ""https://www.arbeitnow.com/jobs/companies/bottcher-partner/top-karrierechance-fur-fuhrungskraft-all-gender-operations-in-suddeutschland-munich-107597""}}",2026-06-24T12:09:52.987042
https://www.arbeitnow.com/jobs/companies/rabe-holding-gmbh-co-kg/it-teamleiter-ki-digitale-prozesse-zwickau-21883,"{""schemaVersion"": ""1.0"", ""recordType"": ""JOB"", ""content"": {""title"": ""IT-Teamleiter (m/w/d) - KI & Digitale Prozesse"", ""company"": ""Rabe Holding GmbH & Co. KG"", ""date"": ""2026-06-24 12:09:52.995431"", ""is_remote"": true, ""role_family"": ""Engineering""}, ""confidence"": 1.0, ""extraction_method"": ""RULE"", ""source"": {""name"": ""Arbeitnow"", ""url"": ""https://www.arbeitnow.com/jobs/companies/rabe-holding-gmbh-co-kg/it-teamleiter-ki-digitale-prozesse-zwickau-21883""}}",2026-06-24T12:09:53.013877
https://www.arbeitnow.com/jobs/companies/quantum-systems-gmbh/swarming-software-engineer-gilching-285961,"{""schemaVersion"": ""1.0"", ""recordType"": ""JOB"", ""content"": {""title"": ""Swarming Software Engineer (m/f/d)"", ""company"": ""Quantum- Systems GmbH"", ""date"": ""2026-06-24 12:09:53.022902"", ""is_remote"": true, ""role_family"": ""Engineering""}, ""confidence"": 1.0, ""extraction_method"": ""RULE"", ""source"": {""name"": ""Arbeitnow"", ""url"": ""https://www.arbeitnow.com/jobs/companies/quantum-systems-gmbh/swarming-software-engineer-gilching-285961""}}",2026-06-24T12:09:53.036900
https://www.arbeitnow.com/jobs/companies/cbre-global-workplace-solutions/vertriebsingenieur-angebotskalkulation-frankfurt-am-main-385681,"{""schemaVersion"": ""1.0"", ""recordType"": ""JOB"", ""content"": {""title"": ""Vertriebsingenieur (Angebotskalkulation) (m/w/d)"", ""company"": ""CBRE Global Workplace Solutions"", ""date"": ""2026-06-24 12:09:53.046908"", ""is_remote"": true, ""role_family"": ""Engineering""}, ""confidence"": 1.0, ""extraction_method"": ""RULE"", ""source"": {""name"": ""Arbeitnow"", ""url"": ""https://www.arbeitnow.com/jobs/companies/cbre-global-workplace-solutions/vertriebsingenieur-angebotskalkulation-frankfurt-am-main-385681""}}",2026-06-24T12:09:53.063247
https://www.arbeitnow.com/jobs/companies/fortea/founders-associate-marketing-growth-full-time-dtc-health-brand-berlin-417862,"{""schemaVersion"": ""1.0"", ""recordType"": ""JOB"", ""content"": {""title"": ""Founders Associate / Marketing & Growth (Full Time) DtC Health Brand (m/w/d)"", ""company"": ""FORT\u0112A\u00ae"", ""date"": ""2026-06-24 12:09:53.071249"", ""is_remote"": true, ""role_family"": ""Sales/Growth""}, ""confidence"": 1.0, ""extraction_method"": ""RULE"", ""source"": {""name"": ""Arbeitnow"", ""url"": ""https://www.arbeitnow.com/jobs/companies/fortea/founders-associate-marketing-growth-full-time-dtc-health-brand-berlin-417862""}}",2026-06-24T12:09:53.087636
https://www.arbeitnow.com/jobs/companies/riverstate-premium-recruiting/land-und-baumaschinenmechatroniker-45000-eur-je-nach-qualifikation-und-erfahrung-bohnhusen-251222,"{""schemaVersion"": ""1.0"", ""recordType"": ""JOB"", ""content"": {""title"": ""Land- und Baumaschinenmechatroniker (m/w/d) | 45.000 \u20ac+ (je nach Qualifikation und Erfahrung)"", ""company"": ""Riverstate Premium Recruiting"", ""date"": ""2026-06-24 12:09:53.097308"", ""is_remote"": true, ""role_family"": ""Engineering""}, ""confidence"": 1.0, ""extraction_method"": ""RULE"", ""source"": {""name"": ""Arbeitnow"", ""url"": ""https://www.arbeitnow.com/jobs/companies/riverstate-premium-recruiting/land-und-baumaschinenmechatroniker-45000-eur-je-nach-qualifikation-und-erfahrung-bohnhusen-251222""}}",2026-06-24T12:09:53.112478
https://www.arbeitnow.com/jobs/companies/think3ddd-gbr/pflichtpraktikum-frontend-ux-design-react-ui-ux-medtech-startup-berlin-292566,"{""schemaVersion"": ""1.0"", ""recordType"": ""JOB"", ""content"": {""title"": ""Pflichtpraktikum Frontend & UX Design (m/w/d) - React, UI/UX & MedTech-Startup"", ""company"": ""Think3DDD GbR"", ""date"": ""2026-06-24 12:09:53.122478"", ""is_remote"": true, ""role_family"": ""Design""}, ""confidence"": 1.0, ""extraction_method"": ""RULE"", ""source"": {""name"": ""Arbeitnow"", ""url"": ""https://www.arbeitnow.com/jobs/companies/think3ddd-gbr/pflichtpraktikum-frontend-ux-design-react-ui-ux-medtech-startup-berlin-292566""}}",2026-06-24T12:09:53.138387
https://www.arbeitnow.com/jobs/companies/riverstate-premium-recruiting/land-und-baumaschinenmechatroniker-45000-eur-je-nach-qualifikation-und-erfahrung-penzlin-483049,"{""schemaVersion"": ""1.0"", ""recordType"": ""JOB"", ""content"": {""title"": ""Land- und Baumaschinenmechatroniker (m/w/d) | 45.000 \u20ac+ (je nach Qualifikation und Erfahrung)"", ""company"": ""Riverstate Premium Recruiting"", ""date"": ""2026-06-24 12:09:53.148721"", ""is_remote"": true, ""role_family"": ""Engineering""}, ""confidence"": 1.0, ""extraction_method"": ""RULE"", ""source"": {""name"": ""Arbeitnow"", ""url"": ""https://www.arbeitnow.com/jobs/companies/riverstate-premium-recruiting/land-und-baumaschinenmechatroniker-45000-eur-je-nach-qualifikation-und-erfahrung-penzlin-483049""}}",2026-06-24T12:09:53.164744
https://www.arbeitnow.com/jobs/companies/riverstate-premium-recruiting/projektingenieur-projektleiter-tga-hkls-flexibles-arbeiten-48000-72000eur-landsberg-196757,"{""schemaVersion"": ""1.0"", ""recordType"": ""JOB"", ""content"": {""title"": ""Projektingenieur / Projektleiter TGA / HKLS (m/w/d) | flexibles Arbeiten | 48.000-72.000\u20ac"", ""company"": ""Riverstate Premium Recruiting"", ""date"": ""2026-06-24 12:09:53.173254"", ""is_remote"": true, ""role_family"": ""Engineering""}, ""confidence"": 1.0, ""extraction_method"": ""RULE"", ""source"": {""name"": ""Arbeitnow"", ""url"": ""https://www.arbeitnow.com/jobs/companies/riverstate-premium-recruiting/projektingenieur-projektleiter-tga-hkls-flexibles-arbeiten-48000-72000eur-landsberg-196757""}}",2026-06-24T12:09:53.186254
https://www.arbeitnow.com/jobs/companies/riverstate-premium-recruiting/projektingenieur-projektleiter-tga-hkls-flexibles-arbeiten-48000-72000eur-erfurt-345731,"{""schemaVersion"": ""1.0"", ""recordType"": ""JOB"", ""content"": {""title"": ""Projektingenieur / Projektleiter TGA / HKLS (m/w/d) | flexibles Arbeiten | 48.000-72.000\u20ac"", ""company"": ""Riverstate Premium Recruiting"", ""date"": ""2026-06-24 12:09:53.193051"", ""is_remote"": true, ""role_family"": ""Engineering""}, ""confidence"": 1.0, ""extraction_method"": ""RULE"", ""source"": {""name"": ""Arbeitnow"", ""url"": ""https://www.arbeitnow.com/jobs/companies/riverstate-premium-recruiting/projektingenieur-projektleiter-tga-hkls-flexibles-arbeiten-48000-72000eur-erfurt-345731""}}",2026-06-24T12:09:53.211061
https://www.arbeitnow.com/jobs/companies/clockin-gmbh/senior-revenue-operations-manager-all-genders-munster-244958,"{""schemaVersion"": ""1.0"", ""recordType"": ""JOB"", ""content"": {""title"": ""(Senior) Revenue Operations Manager (all genders)"", ""company"": ""clockin GmbH"", ""date"": ""2026-06-24 12:09:53.221681"", ""is_remote"": true, ""role_family"": ""Engineering""}, ""confidence"": 1.0, ""extraction_method"": ""RULE"", ""source"": {""name"": ""Arbeitnow"", ""url"": ""https://www.arbeitnow.com/jobs/companies/clockin-gmbh/senior-revenue-operations-manager-all-genders-munster-244958""}}",2026-06-24T12:09:53.236770
https://www.arbeitnow.com/jobs/companies/sigma-system-audio-visuell-gmbh/mediengestalter-medientechniker-50-50-dusseldorf-198310,"{""schemaVersion"": ""1.0"", ""recordType"": ""JOB"", ""content"": {""title"": ""Mediengestalter & Medientechniker (50%/50%) (m/w/d)"", ""company"": ""SIGMA System Audio-Visuell GmbH"", ""date"": ""2026-06-24 12:09:53.246496"", ""is_remote"": true, ""role_family"": ""Engineering""}, ""confidence"": 1.0, ""extraction_method"": ""RULE"", ""source"": {""name"": ""Arbeitnow"", ""url"": ""https://www.arbeitnow.com/jobs/companies/sigma-system-audio-visuell-gmbh/mediengestalter-medientechniker-50-50-dusseldorf-198310""}}",2026-06-24T12:09:53.263231
https://www.arbeitnow.com/jobs/companies/riverstate-premium-recruiting/kalkulator-tga-60000-90000-eur-berlin-95834,"{""schemaVersion"": ""1.0"", ""recordType"": ""JOB"", ""content"": {""title"": ""Kalkulator TGA (m/w/d) | 60.000 - 90.000 \u20ac"", ""company"": ""Riverstate Premium Recruiting"", ""date"": ""2026-06-24 12:09:53.271702"", ""is_remote"": true, ""role_family"": ""Engineering""}, ""confidence"": 1.0, ""extraction_method"": ""RULE"", ""source"": {""name"": ""Arbeitnow"", ""url"": ""https://www.arbeitnow.com/jobs/companies/riverstate-premium-recruiting/kalkulator-tga-60000-90000-eur-berlin-95834""}}",2026-06-24T12:09:53.281881
https://www.arbeitnow.com/jobs/companies/credicom-gmbh/sachbearbeiter-immobilienkredite-baufinanzierung-berlin-431614,"{""schemaVersion"": ""1.0"", ""recordType"": ""JOB"", ""content"": {""title"": ""Sachbearbeiter Immobilienkredite Baufinanzierung (m/w/d)"", ""company"": ""credicom GmbH"", ""date"": ""2026-06-24 12:09:53.294195"", ""is_remote"": true, ""role_family"": ""Engineering""}, ""confidence"": 1.0, ""extraction_method"": ""RULE"", ""source"": {""name"": ""Arbeitnow"", ""url"": ""https://www.arbeitnow.com/jobs/companies/credicom-gmbh/sachbearbeiter-immobilienkredite-baufinanzierung-berlin-431614""}}",2026-06-24T12:09:53.311747
https://www.arbeitnow.com/jobs/companies/gocomo-gmbh/senior-operations-controller-berlin-256646,"{""schemaVersion"": ""1.0"", ""recordType"": ""JOB"", ""content"": {""title"": ""(Senior) Operations Controller (m/w/d)"", ""company"": ""gocomo GmbH"", ""date"": ""2026-06-24 12:09:53.320750"", ""is_remote"": true, ""role_family"": ""Engineering""}, ""confidence"": 1.0, ""extraction_method"": ""RULE"", ""source"": {""name"": ""Arbeitnow"", ""url"": ""https://www.arbeitnow.com/jobs/companies/gocomo-gmbh/senior-operations-controller-berlin-256646""}}",2026-06-24T12:09:53.336817
https://www.arbeitnow.com/jobs/companies/simplifier-ag/product-owner-ai-fokus-mwd-wurzburg-401320,"{""schemaVersion"": ""1.0"", ""recordType"": ""JOB"", ""content"": {""title"": ""Product Owner - AI Fokus (m|w|d)"", ""company"": ""Simplifier AG"", ""date"": ""2026-06-24 12:09:53.345740"", ""is_remote"": true, ""role_family"": ""Product Management""}, ""confidence"": 1.0, ""extraction_method"": ""RULE"", ""source"": {""name"": ""Arbeitnow"", ""url"": ""https://www.arbeitnow.com/jobs/companies/simplifier-ag/product-owner-ai-fokus-mwd-wurzburg-401320""}}",2026-06-24T12:09:53.360813
https://www.arbeitnow.com/jobs/companies/hubside-die-recruitingwerkstatt/it-security-coordinator-munich-197965,"{""schemaVersion"": ""1.0"", ""recordType"": ""JOB"", ""content"": {""title"": ""IT Security Coordinator (m/w/d)"", ""company"": ""hubside - Die Recruitingwerkstatt"", ""date"": ""2026-06-24 12:09:53.370813"", ""is_remote"": true, ""role_family"": ""Engineering""}, ""confidence"": 1.0, ""extraction_method"": ""RULE"", ""source"": {""name"": ""Arbeitnow"", ""url"": ""https://www.arbeitnow.com/jobs/companies/hubside-die-recruitingwerkstatt/it-security-coordinator-munich-197965""}}",2026-06-24T12:09:53.387440
https://www.arbeitnow.com/jobs/companies/clickscale/ppc-kampagnen-manager-in-google-ads-meta-ads-dresden-25367,"{""schemaVersion"": ""1.0"", ""recordType"": ""JOB"", ""content"": {""title"": ""PPC Kampagnen Manager/in Google Ads & Meta Ads (m/w/d)"", ""company"": ""ClickScale"", ""date"": ""2026-06-24 12:09:53.395643"", ""is_remote"": true, ""role_family"": ""Engineering""}, ""confidence"": 1.0, ""extraction_method"": ""RULE"", ""source"": {""name"": ""Arbeitnow"", ""url"": ""https://www.arbeitnow.com/jobs/companies/clickscale/ppc-kampagnen-manager-in-google-ads-meta-ads-dresden-25367""}}",2026-06-24T12:09:53.411111
https://www.arbeitnow.com/jobs/companies/world-of-vr/ausbildung-zum-gestalter-in-fur-immersive-medien-gim-cologne-373287,"{""schemaVersion"": ""1.0"", ""recordType"": ""JOB"", ""content"": {""title"": ""Ausbildung zum Gestalter/-in f\u00fcr immersive Medien (GIM)"", ""company"": ""World of VR"", ""date"": ""2026-06-24 12:09:53.418030"", ""is_remote"": true, ""role_family"": ""Engineering""}, ""confidence"": 1.0, ""extraction_method"": ""RULE"", ""source"": {""name"": ""Arbeitnow"", ""url"": ""https://www.arbeitnow.com/jobs/companies/world-of-vr/ausbildung-zum-gestalter-in-fur-immersive-medien-gim-cologne-373287""}}",2026-06-24T12:09:53.433573
https://www.arbeitnow.com/jobs/companies/westwind-stories/werkstudentin-social-media-content-marketing-bochum-492885,"{""schemaVersion"": ""1.0"", ""recordType"": ""JOB"", ""content"": {""title"": ""Werkstudent:in Social Media, Content & Marketing (m/w/d)"", ""company"": ""westwind stories"", ""date"": ""2026-06-24 12:09:53.443573"", ""is_remote"": true, ""role_family"": ""Engineering""}, ""confidence"": 1.0, ""extraction_method"": ""RULE"", ""source"": {""name"": ""Arbeitnow"", ""url"": ""https://www.arbeitnow.com/jobs/companies/westwind-stories/werkstudentin-social-media-content-marketing-bochum-492885""}}",2026-06-24T12:09:53.458144
https://www.arbeitnow.com/jobs/companies/flexit-consulting-gmbh/senior-ai-engineer-llm-agents-dusseldorf-396207,"{""schemaVersion"": ""1.0"", ""recordType"": ""JOB"", ""content"": {""title"": ""Senior AI Engineer - LLM & Agents (w/m/d)"", ""company"": ""FlexIT Consulting GmbH"", ""date"": ""2026-06-24 15:41:26.256354"", ""is_remote"": true, ""role_family"": ""Engineering""}, ""confidence"": 1.0, ""extraction_method"": ""RULE"", ""source"": {""name"": ""Arbeitnow"", ""url"": ""https://www.arbeitnow.com/jobs/companies/flexit-consulting-gmbh/senior-ai-engineer-llm-agents-dusseldorf-396207""}}",2026-06-24T15:41:26.296678
https://www.arbeitnow.com/jobs/companies/pluginenergy-gmbh/werkstudent-customer-support-erneuerbare-energien-glatten-270032,"{""schemaVersion"": ""1.0"", ""recordType"": ""JOB"", ""content"": {""title"": ""Werkstudent Customer Support Erneuerbare Energien (m/w/d)"", ""company"": ""PluginEnergy GmbH"", ""date"": ""2026-06-24 15:41:26.301217"", ""is_remote"": true, ""role_family"": ""Engineering""}, ""confidence"": 1.0, ""extraction_method"": ""RULE"", ""source"": {""name"": ""Arbeitnow"", ""url"": ""https://www.arbeitnow.com/jobs/companies/pluginenergy-gmbh/werkstudent-customer-support-erneuerbare-energien-glatten-270032""}}",2026-06-24T15:41:26.330023
https://www.arbeitnow.com/jobs/companies/mammutmarsch-ug/designer-marketing-event-design-berlin-59881,"{""schemaVersion"": ""1.0"", ""recordType"": ""JOB"", ""content"": {""title"": ""Designer (Marketing & Event Design) (m/w/d)"", ""company"": ""Mammutmarsch UG"", ""date"": ""2026-06-24 15:41:26.335757"", ""is_remote"": true, ""role_family"": ""Design""}, ""confidence"": 1.0, ""extraction_method"": ""RULE"", ""source"": {""name"": ""Arbeitnow"", ""url"": ""https://www.arbeitnow.com/jobs/companies/mammutmarsch-ug/designer-marketing-event-design-berlin-59881""}}",2026-06-24T15:41:26.365316
https://www.arbeitnow.com/jobs/companies/remazing-gmbh/junior-e-commerce-consultant-hamburg-40418,"{""schemaVersion"": ""1.0"", ""recordType"": ""JOB"", ""content"": {""title"": ""Junior E-Commerce Consultant"", ""company"": ""Remazing GmbH"", ""date"": ""2026-06-24 15:41:26.371323"", ""is_remote"": true, ""role_family"": ""Engineering""}, ""confidence"": 1.0, ""extraction_method"": ""RULE"", ""source"": {""name"": ""Arbeitnow"", ""url"": ""https://www.arbeitnow.com/jobs/companies/remazing-gmbh/junior-e-commerce-consultant-hamburg-40418""}}",2026-06-24T15:41:26.396630
https://www.arbeitnow.com/jobs/companies/flexit-consulting-gmbh/data-bi-engineer-dusseldorf-474293,"{""schemaVersion"": ""1.0"", ""recordType"": ""JOB"", ""content"": {""title"": ""Data & BI Engineer (w/m/d)"", ""company"": ""FlexIT Consulting GmbH"", ""date"": ""2026-06-24 15:41:26.403477"", ""is_remote"": true, ""role_family"": ""Data Science/Analytics""}, ""confidence"": 1.0, ""extraction_method"": ""RULE"", ""source"": {""name"": ""Arbeitnow"", ""url"": ""https://www.arbeitnow.com/jobs/companies/flexit-consulting-gmbh/data-bi-engineer-dusseldorf-474293""}}",2026-06-24T15:41:26.429968
https://www.arbeitnow.com/jobs/companies/k-tronik-gmbh/test-integration-engineer-radio-framework-berlin-256650,"{""schemaVersion"": ""1.0"", ""recordType"": ""JOB"", ""content"": {""title"": ""Test & Integration Engineer (m/w/x) Radio Framework"", ""company"": ""K-tronik GmbH"", ""date"": ""2026-06-24 15:41:26.438655"", ""is_remote"": true, ""role_family"": ""Engineering""}, ""confidence"": 1.0, ""extraction_method"": ""RULE"", ""source"": {""name"": ""Arbeitnow"", ""url"": ""https://www.arbeitnow.com/jobs/companies/k-tronik-gmbh/test-integration-engineer-radio-framework-berlin-256650""}}",2026-06-24T15:41:26.480008
https://www.arbeitnow.com/jobs/companies/fischer-partner-gesellschaft-fur-personal-mbh/leiter-liquiditatssteuerung-cashmanagement-finanzen-aus-der-immobilienentwicklung-berlin-254871,"{""schemaVersion"": ""1.0"", ""recordType"": ""JOB"", ""content"": {""title"": ""Leiter Liquidit\u00e4tssteuerung & Cashmanagement & Finanzen (w/m/d) aus der Immobilienentwicklung"", ""company"": ""Fischer & Partner Gesellschaft f\u00fcr Personal mbH"", ""date"": ""2026-06-24 15:41:26.489255"", ""is_remote"": true, ""role_family"": ""Engineering""}, ""confidence"": 1.0, ""extraction_method"": ""RULE"", ""source"": {""name"": ""Arbeitnow"", ""url"": ""https://www.arbeitnow.com/jobs/companies/fischer-partner-gesellschaft-fur-personal-mbh/leiter-liquiditatssteuerung-cashmanagement-finanzen-aus-der-immobilienentwicklung-berlin-254871""}}",2026-06-24T15:41:26.519170
https://www.arbeitnow.com/jobs/companies/impuls-hrk/operation-manager-in-vollzeit-keine-zeitarbeit-keine-arbeitnehmeruberlassung-hamburg-472970,"{""schemaVersion"": ""1.0"", ""recordType"": ""JOB"", ""content"": {""title"": ""Operation Manager (m/w/d) in Vollzeit Keine Zeitarbeit / Keine Arbeitnehmer\u00fcberlassung"", ""company"": ""Impuls HRK"", ""date"": ""2026-06-24 15:41:26.530936"", ""is_remote"": true, ""role_family"": ""Engineering""}, ""confidence"": 1.0, ""extraction_method"": ""RULE"", ""source"": {""name"": ""Arbeitnow"", ""url"": ""https://www.arbeitnow.com/jobs/companies/impuls-hrk/operation-manager-in-vollzeit-keine-zeitarbeit-keine-arbeitnehmeruberlassung-hamburg-472970""}}",2026-06-24T15:41:26.558740
https://www.arbeitnow.com/jobs/companies/bodyfokus-gmbh/crm-lifecycle-marketing-manager-koln-464750,"{""schemaVersion"": ""1.0"", ""recordType"": ""JOB"", ""content"": {""title"": ""CRM & Lifecycle Marketing Manager (m/w/d)"", ""company"": ""BodyFokus GmbH"", ""date"": ""2026-06-24 15:41:26.567007"", ""is_remote"": true, ""role_family"": ""Engineering""}, ""confidence"": 1.0, ""extraction_method"": ""RULE"", ""source"": {""name"": ""Arbeitnow"", ""url"": ""https://www.arbeitnow.com/jobs/companies/bodyfokus-gmbh/crm-lifecycle-marketing-manager-koln-464750""}}",2026-06-24T15:41:26.597605
https://www.arbeitnow.com/jobs/companies/mr-shop-gmbh/teamleiter-vertriebsinnendienst-gestalte-unseren-vertrieb-aktiv-mit-saerbeck-97730,"{""schemaVersion"": ""1.0"", ""recordType"": ""JOB"", ""content"": {""title"": ""Teamleiter Vertriebsinnendienst (m/w/d) - Gestalte unseren Vertrieb aktiv mit!"", ""company"": ""MR-Shop GmbH"", ""date"": ""2026-06-24 15:41:26.629895"", ""is_remote"": true, ""role_family"": ""Engineering""}, ""confidence"": 1.0, ""extraction_method"": ""RULE"", ""source"": {""name"": ""Arbeitnow"", ""url"": ""https://www.arbeitnow.com/jobs/companies/mr-shop-gmbh/teamleiter-vertriebsinnendienst-gestalte-unseren-vertrieb-aktiv-mit-saerbeck-97730""}}",2026-06-24T15:41:26.658924
https://www.arbeitnow.com/jobs/companies/flix/senior-data-analyst-crm-berlin-238121,"{""schemaVersion"": ""1.0"", ""recordType"": ""JOB"", ""content"": {""title"": ""Senior Data Analyst - CRM (m/f/d)"", ""company"": ""Flix"", ""date"": ""2026-06-24 15:41:26.667540"", ""is_remote"": true, ""role_family"": ""Data Science/Analytics""}, ""confidence"": 1.0, ""extraction_method"": ""RULE"", ""source"": {""name"": ""Arbeitnow"", ""url"": ""https://www.arbeitnow.com/jobs/companies/flix/senior-data-analyst-crm-berlin-238121""}}",2026-06-24T15:41:26.698063
https://www.arbeitnow.com/jobs/companies/flix/senior-data-analyst-crm-munich-337424,"{""schemaVersion"": ""1.0"", ""recordType"": ""JOB"", ""content"": {""title"": ""Senior Data Analyst - CRM (m/f/d)"", ""company"": ""Flix"", ""date"": ""2026-06-24 15:41:26.706600"", ""is_remote"": true, ""role_family"": ""Data Science/Analytics""}, ""confidence"": 1.0, ""extraction_method"": ""RULE"", ""source"": {""name"": ""Arbeitnow"", ""url"": ""https://www.arbeitnow.com/jobs/companies/flix/senior-data-analyst-crm-munich-337424""}}",2026-06-24T15:41:26.733885
https://www.arbeitnow.com/jobs/companies/tumi/lagermitarbeiter-mit-staplerschein-tumi-services-gmbh-unna-324316,"{""schemaVersion"": ""1.0"", ""recordType"": ""JOB"", ""content"": {""title"": ""Lagermitarbeiter mit Staplerschein (m/w/d) - TUMI Services GmbH Unna"", ""company"": ""TUMI"", ""date"": ""2026-06-24 15:41:26.742926"", ""is_remote"": true, ""role_family"": ""Engineering""}, ""confidence"": 1.0, ""extraction_method"": ""RULE"", ""source"": {""name"": ""Arbeitnow"", ""url"": ""https://www.arbeitnow.com/jobs/companies/tumi/lagermitarbeiter-mit-staplerschein-tumi-services-gmbh-unna-324316""}}",2026-06-24T15:41:26.774822
https://www.arbeitnow.com/jobs/companies/tumi/mitarbeiter-in-der-reparaturenabteilung-tumi-unna-413760,"{""schemaVersion"": ""1.0"", ""recordType"": ""JOB"", ""content"": {""title"": ""Mitarbeiter in der Reparaturenabteilung (m/w/d) - TUMI Unna"", ""company"": ""TUMI"", ""date"": ""2026-06-24 15:41:26.780522"", ""is_remote"": true, ""role_family"": ""Engineering""}, ""confidence"": 1.0, ""extraction_method"": ""RULE"", ""source"": {""name"": ""Arbeitnow"", ""url"": ""https://www.arbeitnow.com/jobs/companies/tumi/mitarbeiter-in-der-reparaturenabteilung-tumi-unna-413760""}}",2026-06-24T15:41:26.809449
https://www.arbeitnow.com/jobs/companies/kalialab-gmbh/praktikum-marketing-berlin-84153,"{""schemaVersion"": ""1.0"", ""recordType"": ""JOB"", ""content"": {""title"": ""Praktikum Marketing (m/w/d)"", ""company"": ""kalialab GmbH"", ""date"": ""2026-06-24 15:41:26.817235"", ""is_remote"": true, ""role_family"": ""Engineering""}, ""confidence"": 1.0, ""extraction_method"": ""RULE"", ""source"": {""name"": ""Arbeitnow"", ""url"": ""https://www.arbeitnow.com/jobs/companies/kalialab-gmbh/praktikum-marketing-berlin-84153""}}",2026-06-24T15:41:26.848839
https://www.arbeitnow.com/jobs/companies/m2p-consulting-gmbh/senior-consultant-fokus-energiewirtschaft-frankfurt-am-main-318311,"{""schemaVersion"": ""1.0"", ""recordType"": ""JOB"", ""content"": {""title"": ""(Senior) Consultant - Fokus Energiewirtschaft (w/m/d)"", ""company"": ""M2P Consulting GmbH"", ""date"": ""2026-06-24 15:41:26.858864"", ""is_remote"": true, ""role_family"": ""Engineering""}, ""confidence"": 1.0, ""extraction_method"": ""RULE"", ""source"": {""name"": ""Arbeitnow"", ""url"": ""https://www.arbeitnow.com/jobs/companies/m2p-consulting-gmbh/senior-consultant-fokus-energiewirtschaft-frankfurt-am-main-318311""}}",2026-06-24T15:41:26.891773
https://www.arbeitnow.com/jobs/companies/m2p-consulting-gmbh/senior-consultant-fokus-bau-und-infrastuktur-frankfurt-am-main-56982,"{""schemaVersion"": ""1.0"", ""recordType"": ""JOB"", ""content"": {""title"": ""(Senior) Consultant - Fokus Bau und Infrastuktur (w/m/d)"", ""company"": ""M2P Consulting GmbH"", ""date"": ""2026-06-24 15:41:26.896443"", ""is_remote"": true, ""role_family"": ""Engineering""}, ""confidence"": 1.0, ""extraction_method"": ""RULE"", ""source"": {""name"": ""Arbeitnow"", ""url"": ""https://www.arbeitnow.com/jobs/companies/m2p-consulting-gmbh/senior-consultant-fokus-bau-und-infrastuktur-frankfurt-am-main-56982""}}",2026-06-24T15:41:26.931735
https://www.arbeitnow.com/jobs/companies/boardwise-gmbh/product-owner-digital-products-ai-hamburg-84864,"{""schemaVersion"": ""1.0"", ""recordType"": ""JOB"", ""content"": {""title"": ""Product Owner (m/f/d) Digital Products & AI"", ""company"": ""Boardwise GmbH"", ""date"": ""2026-06-24 15:41:26.939735"", ""is_remote"": true, ""role_family"": ""Product Management""}, ""confidence"": 1.0, ""extraction_method"": ""RULE"", ""source"": {""name"": ""Arbeitnow"", ""url"": ""https://www.arbeitnow.com/jobs/companies/boardwise-gmbh/product-owner-digital-products-ai-hamburg-84864""}}",2026-06-24T15:41:26.971849
https://www.arbeitnow.com/jobs/companies/fischer-partner-gesellschaft-fur-personal-mbh/entgeltabrechner-und-oder-personalsachbearbeiter-fur-attraktiven-arbeitgeber-waiblingen-498299,"{""schemaVersion"": ""1.0"", ""recordType"": ""JOB"", ""content"": {""title"": ""Entgeltabrechner und/oder Personalsachbearbeiter f\u00fcr attraktiven Arbeitgeber"", ""company"": ""Fischer & Partner Gesellschaft f\u00fcr Personal mbH"", ""date"": ""2026-06-24 15:41:26.978811"", ""is_remote"": true, ""role_family"": ""Engineering""}, ""confidence"": 1.0, ""extraction_method"": ""RULE"", ""source"": {""name"": ""Arbeitnow"", ""url"": ""https://www.arbeitnow.com/jobs/companies/fischer-partner-gesellschaft-fur-personal-mbh/entgeltabrechner-und-oder-personalsachbearbeiter-fur-attraktiven-arbeitgeber-waiblingen-498299""}}",2026-06-24T15:41:27.014938
https://www.arbeitnow.com/jobs/companies/encoway-gmbh/werkstudentin-im-bereich-beratung-fur-produktkonfiguration-bremen-177536,"{""schemaVersion"": ""1.0"", ""recordType"": ""JOB"", ""content"": {""title"": ""Werkstudent:in im Bereich Beratung f\u00fcr Produktkonfiguration (w/m/d)"", ""company"": ""encoway GmbH"", ""date"": ""2026-06-24 15:41:27.022230"", ""is_remote"": true, ""role_family"": ""Engineering""}, ""confidence"": 1.0, ""extraction_method"": ""RULE"", ""source"": {""name"": ""Arbeitnow"", ""url"": ""https://www.arbeitnow.com/jobs/companies/encoway-gmbh/werkstudentin-im-bereich-beratung-fur-produktkonfiguration-bremen-177536""}}",2026-06-24T15:41:27.054512
https://www.arbeitnow.com/jobs/companies/eleqtron-gmbh/working-student-process-quality-management-hamburg-100594,"{""schemaVersion"": ""1.0"", ""recordType"": ""JOB"", ""content"": {""title"": ""Working Student (f/m/d) \u2013 Process & Quality Management"", ""company"": ""eleQtron GmbH"", ""date"": ""2026-06-24 15:41:27.062482"", ""is_remote"": true, ""role_family"": ""Engineering""}, ""confidence"": 1.0, ""extraction_method"": ""RULE"", ""source"": {""name"": ""Arbeitnow"", ""url"": ""https://www.arbeitnow.com/jobs/companies/eleqtron-gmbh/working-student-process-quality-management-hamburg-100594""}}",2026-06-24T15:41:27.128665
https://www.arbeitnow.com/jobs/companies/shereen-patzelt/werkstudent-vertrieb-finanzberatung-praxis-statt-theorie-chemnitz-761,"{""schemaVersion"": ""1.0"", ""recordType"": ""JOB"", ""content"": {""title"": ""Werkstudent Vertrieb / Finanzberatung (m/w/d) \u2013 Praxis statt Theorie"", ""company"": ""Shereen Patzelt"", ""date"": ""2026-06-24 15:41:27.137795"", ""is_remote"": true, ""role_family"": ""Engineering""}, ""confidence"": 1.0, ""extraction_method"": ""RULE"", ""source"": {""name"": ""Arbeitnow"", ""url"": ""https://www.arbeitnow.com/jobs/companies/shereen-patzelt/werkstudent-vertrieb-finanzberatung-praxis-statt-theorie-chemnitz-761""}}",2026-06-24T15:41:27.169055
https://www.arbeitnow.com/jobs/companies/sirius-net-gmbh/fachinformatikerin-systemintegration-stuttgart-395663,"{""schemaVersion"": ""1.0"", ""recordType"": ""JOB"", ""content"": {""title"": ""Fachinformatiker:in Systemintegration (m/w/d)"", ""company"": ""sirius-net GmbH"", ""date"": ""2026-06-24 15:41:27.178623"", ""is_remote"": true, ""role_family"": ""Engineering""}, ""confidence"": 1.0, ""extraction_method"": ""RULE"", ""source"": {""name"": ""Arbeitnow"", ""url"": ""https://www.arbeitnow.com/jobs/companies/sirius-net-gmbh/fachinformatikerin-systemintegration-stuttgart-395663""}}",2026-06-24T15:41:27.208256
https://www.arbeitnow.com/jobs/companies/bahmann-coaching-gmbh/diatassistent-fur-abnehmcoaching-hanover-279568,"{""schemaVersion"": ""1.0"", ""recordType"": ""JOB"", ""content"": {""title"": ""Di\u00e4tassistent (m/w/d) f\u00fcr Abnehmcoaching"", ""company"": ""Bahmann Coaching GmbH"", ""date"": ""2026-06-24 15:41:27.218137"", ""is_remote"": true, ""role_family"": ""Engineering""}, ""confidence"": 1.0, ""extraction_method"": ""RULE"", ""source"": {""name"": ""Arbeitnow"", ""url"": ""https://www.arbeitnow.com/jobs/companies/bahmann-coaching-gmbh/diatassistent-fur-abnehmcoaching-hanover-279568""}}",2026-06-24T15:41:27.251742
https://www.arbeitnow.com/jobs/companies/lionflence/artist-manager-influencer-manager-mulheim-303339,"{""schemaVersion"": ""1.0"", ""recordType"": ""JOB"", ""content"": {""title"": ""Artist Manager / Influencer Manager (m/w/d)"", ""company"": ""Lionflence"", ""date"": ""2026-06-24 15:41:27.261764"", ""is_remote"": true, ""role_family"": ""Engineering""}, ""confidence"": 1.0, ""extraction_method"": ""RULE"", ""source"": {""name"": ""Arbeitnow"", ""url"": ""https://www.arbeitnow.com/jobs/companies/lionflence/artist-manager-influencer-manager-mulheim-303339""}}",2026-06-24T15:41:27.295248
https://www.arbeitnow.com/jobs/companies/lionflence/artist-manager-influencer-manager-berlin-340036,"{""schemaVersion"": ""1.0"", ""recordType"": ""JOB"", ""content"": {""title"": ""Artist Manager / Influencer Manager (m/w/d) BERLIN"", ""company"": ""Lionflence"", ""date"": ""2026-06-24 15:41:27.305643"", ""is_remote"": true, ""role_family"": ""Engineering""}, ""confidence"": 1.0, ""extraction_method"": ""RULE"", ""source"": {""name"": ""Arbeitnow"", ""url"": ""https://www.arbeitnow.com/jobs/companies/lionflence/artist-manager-influencer-manager-berlin-340036""}}",2026-06-24T15:41:27.346240
https://www.arbeitnow.com/jobs/companies/lionflence/junior-artist-manager-influencer-manager-berlin-335961,"{""schemaVersion"": ""1.0"", ""recordType"": ""JOB"", ""content"": {""title"": ""Junior Artist Manager / Influencer Manager (m/w/d)"", ""company"": ""Lionflence"", ""date"": ""2026-06-24 15:41:27.355031"", ""is_remote"": true, ""role_family"": ""Engineering""}, ""confidence"": 1.0, ""extraction_method"": ""RULE"", ""source"": {""name"": ""Arbeitnow"", ""url"": ""https://www.arbeitnow.com/jobs/companies/lionflence/junior-artist-manager-influencer-manager-berlin-335961""}}",2026-06-24T15:41:27.388735
https://www.arbeitnow.com/jobs/companies/lionflence/junior-artist-manager-influencer-manager-mulheim-9924,"{""schemaVersion"": ""1.0"", ""recordType"": ""JOB"", ""content"": {""title"": ""Junior Artist Manager / Influencer Manager (m/w/d)"", ""company"": ""Lionflence"", ""date"": ""2026-06-24 15:41:27.399770"", ""is_remote"": true, ""role_family"": ""Engineering""}, ""confidence"": 1.0, ""extraction_method"": ""RULE"", ""source"": {""name"": ""Arbeitnow"", ""url"": ""https://www.arbeitnow.com/jobs/companies/lionflence/junior-artist-manager-influencer-manager-mulheim-9924""}}",2026-06-24T15:41:27.435136
https://www.arbeitnow.com/jobs/companies/lionflence/trainee-artist-manager-influencer-manager-berlin-374496,"{""schemaVersion"": ""1.0"", ""recordType"": ""JOB"", ""content"": {""title"": ""Trainee Artist Manager / Influencer Manager (m/w/d)"", ""company"": ""Lionflence"", ""date"": ""2026-06-24 15:41:27.445192"", ""is_remote"": true, ""role_family"": ""Engineering""}, ""confidence"": 1.0, ""extraction_method"": ""RULE"", ""source"": {""name"": ""Arbeitnow"", ""url"": ""https://www.arbeitnow.com/jobs/companies/lionflence/trainee-artist-manager-influencer-manager-berlin-374496""}}",2026-06-24T15:41:27.481464
https://www.arbeitnow.com/jobs/companies/lionflence/trainee-artist-manager-influencer-manager-mulheim-262087,"{""schemaVersion"": ""1.0"", ""recordType"": ""JOB"", ""content"": {""title"": ""Trainee Artist Manager / Influencer Manager (m/w/d)"", ""company"": ""Lionflence"", ""date"": ""2026-06-24 15:41:27.490979"", ""is_remote"": true, ""role_family"": ""Engineering""}, ""confidence"": 1.0, ""extraction_method"": ""RULE"", ""source"": {""name"": ""Arbeitnow"", ""url"": ""https://www.arbeitnow.com/jobs/companies/lionflence/trainee-artist-manager-influencer-manager-mulheim-262087""}}",2026-06-24T15:41:27.527932
https://www.arbeitnow.com/jobs/companies/growthartig-gmbh/praktikum-design-grafikdesign-berlin-147569,"{""schemaVersion"": ""1.0"", ""recordType"": ""JOB"", ""content"": {""title"": ""Praktikum Design / Grafikdesign (m/w/d)"", ""company"": ""Growthartig GmbH"", ""date"": ""2026-06-24 15:41:27.536512"", ""is_remote"": true, ""role_family"": ""Design""}, ""confidence"": 1.0, ""extraction_method"": ""RULE"", ""source"": {""name"": ""Arbeitnow"", ""url"": ""https://www.arbeitnow.com/jobs/companies/growthartig-gmbh/praktikum-design-grafikdesign-berlin-147569""}}",2026-06-24T15:41:27.573205
https://www.arbeitnow.com/jobs/companies/regiovision-gmbh-schwerin/finanz-und-projektassistenz-schwerin-190727,"{""schemaVersion"": ""1.0"", ""recordType"": ""JOB"", ""content"": {""title"": ""Finanz- und Projektassistenz"", ""company"": ""RegioVision GmbH Schwerin"", ""date"": ""2026-06-24 15:41:27.582472"", ""is_remote"": true, ""role_family"": ""Engineering""}, ""confidence"": 1.0, ""extraction_method"": ""RULE"", ""source"": {""name"": ""Arbeitnow"", ""url"": ""https://www.arbeitnow.com/jobs/companies/regiovision-gmbh-schwerin/finanz-und-projektassistenz-schwerin-190727""}}",2026-06-24T15:41:27.622526
https://www.arbeitnow.com/jobs/companies/conteam-gruppe/social-media-manager-frankfurt-am-main-452089,"{""schemaVersion"": ""1.0"", ""recordType"": ""JOB"", ""content"": {""title"": ""Social Media Manager (m/w/d)"", ""company"": ""conteam gruppe"", ""date"": ""2026-06-24 15:41:27.633413"", ""is_remote"": true, ""role_family"": ""Engineering""}, ""confidence"": 1.0, ""extraction_method"": ""RULE"", ""source"": {""name"": ""Arbeitnow"", ""url"": ""https://www.arbeitnow.com/jobs/companies/conteam-gruppe/social-media-manager-frankfurt-am-main-452089""}}",2026-06-24T15:41:27.669355
https://www.arbeitnow.com/jobs/companies/conteam-gruppe/client-service-director-frankfurt-am-main-315377,"{""schemaVersion"": ""1.0"", ""recordType"": ""JOB"", ""content"": {""title"": ""Client Service Director (m/w/d)"", ""company"": ""conteam gruppe"", ""date"": ""2026-06-24 15:41:27.678453"", ""is_remote"": true, ""role_family"": ""Engineering""}, ""confidence"": 1.0, ""extraction_method"": ""RULE"", ""source"": {""name"": ""Arbeitnow"", ""url"": ""https://www.arbeitnow.com/jobs/companies/conteam-gruppe/client-service-director-frankfurt-am-main-315377""}}",2026-06-24T15:41:27.714046
https://www.arbeitnow.com/jobs/companies/conteam-gruppe/retoucher-compositing-artist-frankfurt-am-main-159369,"{""schemaVersion"": ""1.0"", ""recordType"": ""JOB"", ""content"": {""title"": ""Retoucher / Compositing Artist (m/f/d)"", ""company"": ""conteam gruppe"", ""date"": ""2026-06-24 15:41:27.726081"", ""is_remote"": true, ""role_family"": ""Engineering""}, ""confidence"": 1.0, ""extraction_method"": ""RULE"", ""source"": {""name"": ""Arbeitnow"", ""url"": ""https://www.arbeitnow.com/jobs/companies/conteam-gruppe/retoucher-compositing-artist-frankfurt-am-main-159369""}}",2026-06-24T15:41:27.759248
https://www.arbeitnow.com/jobs/companies/feldenergy-gmbh/business-systems-ai-automation-manager-munich-309432,"{""schemaVersion"": ""1.0"", ""recordType"": ""JOB"", ""content"": {""title"": ""Business Systems & AI Automation Manager (m/w/d)"", ""company"": ""feld.energy GmbH"", ""date"": ""2026-06-24 15:41:27.767237"", ""is_remote"": true, ""role_family"": ""Engineering""}, ""confidence"": 1.0, ""extraction_method"": ""RULE"", ""source"": {""name"": ""Arbeitnow"", ""url"": ""https://www.arbeitnow.com/jobs/companies/feldenergy-gmbh/business-systems-ai-automation-manager-munich-309432""}}",2026-06-24T15:41:27.802502
